transaction_id,spend_description,vendor,source_type,predicted_L1,predicted_L2,predicted_L3,predicted_L4,predicted_full_path,confidence,final_score,margin,decision_mode,actual_L1,actual_L2,actual_L3,actual_L4,actual_full_path,validation_status,reviewer_comment,final_ground_truth_L1,final_ground_truth_L2,final_ground_truth_L3,final_ground_truth_L4,final_full_path
1,"Microsoft 365 E3 – annual renewal, 800 seats",Microsoft,Vendor invoice / PO,IT & Technology,Software,Productivity & Collaboration,Office Suites,IT & Technology > Software > Productivity & Collaboration > Office Suites,HIGH,0.289,0.0975,DETERMINISTIC_RULE,IT & Technology,Software,Productivity & Collaboration,Office Suites,IT & Technology > Software > Productivity & Collaboration > Office Suites,APPROVED,Domain validation: confirmed Office Suites correctly matches spend description.,IT & Technology,Software,Productivity & Collaboration,Office Suites,IT & Technology > Software > Productivity & Collaboration > Office Suites
2,"Microsoft 365 E3 – annual renewal, 800 seats",Microsoft,Vendor invoice / PO,IT & Technology,Software,Productivity & Collaboration,Office Suites,IT & Technology > Software > Productivity & Collaboration > Office Suites,HIGH,0.289,0.0975,DETERMINISTIC_RULE,IT & Technology,Software,Productivity & Collaboration,Office Suites,IT & Technology > Software > Productivity & Collaboration > Office Suites,APPROVED,Domain validation: confirmed Office Suites correctly matches spend description.,IT & Technology,Software,Productivity & Collaboration,Office Suites,IT & Technology > Software > Productivity & Collaboration > Office Suites
3,"Dell Latitude 5540 – 120-unit refresh, 3yr warranty",Dell Technologies,Vendor invoice / PO,IT & Technology,End User Compute,Laptops & Desktops,Laptops,IT & Technology > End User Compute > Laptops & Desktops > Laptops,HIGH,0.262,0.0998,DETERMINISTIC_RULE,IT & Technology,End User Compute,Laptops & Desktops,Laptops,IT & Technology > End User Compute > Laptops & Desktops > Laptops,APPROVED,Domain validation: confirmed Laptops correctly matches spend description.,IT & Technology,End User Compute,Laptops & Desktops,Laptops,IT & Technology > End User Compute > Laptops & Desktops > Laptops
4,"Okta Identity Cloud – 2,000-user SSO, annual SaaS",Okta,Vendor invoice / PO,IT & Technology,Cloud & SaaS,IaaS,Cloud Compute,IT & Technology > Cloud & SaaS > IaaS > Cloud Compute,MEDIUM,0.437,0.0283,HYBRID_RERANKING,IT & Technology,Cloud & SaaS,SaaS,General SaaS Subscriptions,IT & Technology > Cloud & SaaS > SaaS > General SaaS Subscriptions,CORRECTED,"Okta Identity Cloud is enterprise IAM SaaS, best classified under General SaaS Subscriptions rather than IaaS Cloud Compute.",IT & Technology,Cloud & SaaS,SaaS,General SaaS Subscriptions,IT & Technology > Cloud & SaaS > SaaS > General SaaS Subscriptions
5,Zoom Enterprise – 500-seat annual licence,Zoom,Vendor invoice / PO,IT & Technology,Software,Productivity & Collaboration,Video Conferencing,IT & Technology > Software > Productivity & Collaboration > Video Conferencing,HIGH,0.2463,0.0603,DETERMINISTIC_RULE,IT & Technology,Software,Productivity & Collaboration,Video Conferencing,IT & Technology > Software > Productivity & Collaboration > Video Conferencing,APPROVED,Domain validation: confirmed Video Conferencing correctly matches spend description.,IT & Technology,Software,Productivity & Collaboration,Video Conferencing,IT & Technology > Software > Productivity & Collaboration > Video Conferencing
6,"CrowdStrike Falcon – 1,200 endpoint licence, annual SaaS",CrowdStrike,Vendor invoice / PO,IT & Technology,Software,Security Software,Endpoint Security,IT & Technology > Software > Security Software > Endpoint Security,HIGH,0.3414,0.0406,DETERMINISTIC_RULE,IT & Technology,Software,Security Software,Endpoint Security,IT & Technology > Software > Security Software > Endpoint Security,APPROVED,Domain validation: confirmed Endpoint Security correctly matches spend description.,IT & Technology,Software,Security Software,Endpoint Security,IT & Technology > Software > Security Software > Endpoint Security
7,Cisco Meraki MS350 switches – 40-unit network refresh,Cisco Meraki,Vendor invoice / PO,IT & Technology,Network & Infrastructure,Hardware,Network Switches & Routers,IT & Technology > Network & Infrastructure > Hardware > Network Switches & Routers,HIGH,0.3925,0.2532,DETERMINISTIC_RULE,IT & Technology,Network & Infrastructure,Hardware,Network Switches & Routers,IT & Technology > Network & Infrastructure > Hardware > Network Switches & Routers,APPROVED,Domain validation: confirmed Network Switches & Routers correctly matches spend description.,IT & Technology,Network & Infrastructure,Hardware,Network Switches & Routers,IT & Technology > Network & Infrastructure > Hardware > Network Switches & Routers
8,"GitHub Enterprise – 60-seat developer licence, annual SaaS",GitHub / Microsoft,Vendor invoice / PO,IT & Technology,Cloud & SaaS,SaaS,General SaaS Subscriptions,IT & Technology > Cloud & SaaS > SaaS > General SaaS Subscriptions,LOW,0.3365,0.0105,HUMAN_REVIEW,IT & Technology,Cloud & SaaS,SaaS,General SaaS Subscriptions,IT & Technology > Cloud & SaaS > SaaS > General SaaS Subscriptions,APPROVED,"GitHub Enterprise is developer platform SaaS, correctly classified under General SaaS Subscriptions.",IT & Technology,Cloud & SaaS,SaaS,General SaaS Subscriptions,IT & Technology > Cloud & SaaS > SaaS > General SaaS Subscriptions
9,"AWS Reserved Instances – 3yr, 400 vCores (eu-west-1)",Amazon Web Services,Service contract / PO,IT & Technology,Cloud & SaaS,IaaS,Cloud Compute,IT & Technology > Cloud & SaaS > IaaS > Cloud Compute,HIGH,0.2714,0.0404,DETERMINISTIC_RULE,IT & Technology,Cloud & SaaS,IaaS,Cloud Compute,IT & Technology > Cloud & SaaS > IaaS > Cloud Compute,APPROVED,Domain validation: confirmed Cloud Compute correctly matches spend description.,IT & Technology,Cloud & SaaS,IaaS,Cloud Compute,IT & Technology > Cloud & SaaS > IaaS > Cloud Compute
10,"Snowflake Data Cloud – compute credits + storage, quarterly usage",Snowflake,Service contract / PO,IT & Technology,Software,Data & Analytics,Data Warehousing Platforms,IT & Technology > Software > Data & Analytics > Data Warehousing Platforms,HIGH,0.4075,0.0629,HYBRID_RERANKING,IT & Technology,Software,Data & Analytics,Data Warehousing Platforms,IT & Technology > Software > Data & Analytics > Data Warehousing Platforms,APPROVED,Domain validation: confirmed Data Warehousing Platforms correctly matches spend description.,IT & Technology,Software,Data & Analytics,Data Warehousing Platforms,IT & Technology > Software > Data & Analytics > Data Warehousing Platforms
11,"Samsung Galaxy Tab Active 4 – 200 units, clinical use",Samsung Electronics,Service contract / PO,IT & Technology,End User Compute,Mobile Devices,Tablets,IT & Technology > End User Compute > Mobile Devices > Tablets,MEDIUM,0.2922,0.06,HYBRID_RERANKING,IT & Technology,End User Compute,Mobile Devices,Tablets,IT & Technology > End User Compute > Mobile Devices > Tablets,APPROVED,Domain validation: confirmed Tablets correctly matches spend description.,IT & Technology,End User Compute,Mobile Devices,Tablets,IT & Technology > End User Compute > Mobile Devices > Tablets
12,"TCS outsourced helpdesk – 50-agent managed service, monthly",Tata Consultancy Services,Service contract / PO,IT & Technology,IT Services,Managed Services,Service Desk & Helpdesk,IT & Technology > IT Services > Managed Services > Service Desk & Helpdesk,MEDIUM,0.4916,0.0442,HYBRID_RERANKING,IT & Technology,IT Services,Managed Services,Service Desk & Helpdesk,IT & Technology > IT Services > Managed Services > Service Desk & Helpdesk,APPROVED,Domain validation: confirmed Service Desk & Helpdesk correctly matches spend description.,IT & Technology,IT Services,Managed Services,Service Desk & Helpdesk,IT & Technology > IT Services > Managed Services > Service Desk & Helpdesk
13,"Akamai CDN – monthly variable usage, content streaming",Akamai Technologies,Service contract / PO,IT & Technology,Telecom & Connectivity,Internet,Content Delivery Networks,IT & Technology > Telecom & Connectivity > Internet > Content Delivery Networks,HIGH,0.3739,0.134,HYBRID_RERANKING,IT & Technology,Telecom & Connectivity,Internet,Content Delivery Networks,IT & Technology > Telecom & Connectivity > Internet > Content Delivery Networks,APPROVED,Domain validation: confirmed Content Delivery Networks correctly matches spend description.,IT & Technology,Telecom & Connectivity,Internet,Content Delivery Networks,IT & Technology > Telecom & Connectivity > Internet > Content Delivery Networks
14,"Power BI Premium – capacity licence, monthly SaaS billing",Microsoft,Service contract / PO,IT & Technology,Cloud & SaaS,SaaS,General SaaS Subscriptions,IT & Technology > Cloud & SaaS > SaaS > General SaaS Subscriptions,LOW,0.3366,0.0052,HUMAN_REVIEW,IT & Technology,Cloud & SaaS,SaaS,General SaaS Subscriptions,IT & Technology > Cloud & SaaS > SaaS > General SaaS Subscriptions,APPROVED,"Power BI Premium capacity is enterprise analytics SaaS, correctly placed in General SaaS Subscriptions.",IT & Technology,Cloud & SaaS,SaaS,General SaaS Subscriptions,IT & Technology > Cloud & SaaS > SaaS > General SaaS Subscriptions
15,Fortinet FortiGate – firewall appliance + 3yr support renewal,Fortinet,Service contract / PO,IT & Technology,Network & Infrastructure,Hardware,Firewall & Security Appliances,IT & Technology > Network & Infrastructure > Hardware > Firewall & Security Appliances,MEDIUM,0.3214,0.136,HYBRID_RERANKING,IT & Technology,Network & Infrastructure,Hardware,Firewall & Security Appliances,IT & Technology > Network & Infrastructure > Hardware > Firewall & Security Appliances,APPROVED,Domain validation: confirmed Firewall & Security Appliances correctly matches spend description.,IT & Technology,Network & Infrastructure,Hardware,Firewall & Security Appliances,IT & Technology > Network & Infrastructure > Hardware > Firewall & Security Appliances
16,"Bloomberg Terminal – 12 licences, annual renewal (data + analytics)",Bloomberg LP,Works order / Agreement,Professional Services,Research & Analytics,Data & Analytics Advisory,Data Strategy Advisory,Professional Services > Research & Analytics > Data & Analytics Advisory > Data Strategy Advisory,MEDIUM,0.3351,0.0267,HYBRID_RERANKING,Professional Services,Research & Analytics,Data & Analytics Advisory,Data Strategy Advisory,Professional Services > Research & Analytics > Data & Analytics Advisory > Data Strategy Advisory,APPROVED,Bloomberg Terminal financial data & market intelligence subscription.,Professional Services,Research & Analytics,Data & Analytics Advisory,Data Strategy Advisory,Professional Services > Research & Analytics > Data & Analytics Advisory > Data Strategy Advisory
18,"TomTom Webfleet – 300-vehicle telematics, annual SaaS + hardware",TomTom Webfleet,Works order / Agreement,Logistics & Supply Chain,Fleet Management,Fleet Technology,Telematics & Route Planning,Logistics & Supply Chain > Fleet Management > Fleet Technology > Telematics & Route Planning,LOW,0.3049,0.0229,HUMAN_REVIEW,Logistics & Supply Chain,Fleet Management,Fleet Technology,Telematics & Route Planning,Logistics & Supply Chain > Fleet Management > Fleet Technology > Telematics & Route Planning,APPROVED,Domain validation: confirmed Telematics & Route Planning correctly matches spend description.,Logistics & Supply Chain,Fleet Management,Fleet Technology,Telematics & Route Planning,Logistics & Supply Chain > Fleet Management > Fleet Technology > Telematics & Route Planning
19,"Schrödinger SaaS – computational chemistry, annual licence",Schrödinger Inc.,Works order / Agreement,IT & Technology,Cloud & SaaS,SaaS,General SaaS Subscriptions,IT & Technology > Cloud & SaaS > SaaS > General SaaS Subscriptions,LOW,0.2967,0.0035,HUMAN_REVIEW,IT & Technology,Cloud & SaaS,SaaS,General SaaS Subscriptions,IT & Technology > Cloud & SaaS > SaaS > General SaaS Subscriptions,APPROVED,Schrodinger computational chemistry software is specialized SaaS.,IT & Technology,Cloud & SaaS,SaaS,General SaaS Subscriptions,IT & Technology > Cloud & SaaS > SaaS > General SaaS Subscriptions
20,ServiceNow ITSM Pro – 800-user enterprise licence,ServiceNow,Works order / Agreement,IT & Technology,Software,Business Applications,Procurement & ITSM Software,IT & Technology > Software > Business Applications > Procurement & ITSM Software,HIGH,0.4138,0.1551,DETERMINISTIC_RULE,IT & Technology,Software,Business Applications,Procurement & ITSM Software,IT & Technology > Software > Business Applications > Procurement & ITSM Software,APPROVED,Domain validation: confirmed Procurement & ITSM Software correctly matches spend description.,IT & Technology,Software,Business Applications,Procurement & ITSM Software,IT & Technology > Software > Business Applications > Procurement & ITSM Software
21,"Siemens Xcelerator – digital twin, annual SaaS + PS days",Siemens Xcelerator,Programme agreement,IT & Technology,Cloud & SaaS,SaaS,General SaaS Subscriptions,IT & Technology > Cloud & SaaS > SaaS > General SaaS Subscriptions,LOW,0.2831,0.004,HUMAN_REVIEW,IT & Technology,Cloud & SaaS,SaaS,General SaaS Subscriptions,IT & Technology > Cloud & SaaS > SaaS > General SaaS Subscriptions,APPROVED,Siemens Xcelerator digital twin is industrial engineering SaaS.,IT & Technology,Cloud & SaaS,SaaS,General SaaS Subscriptions,IT & Technology > Cloud & SaaS > SaaS > General SaaS Subscriptions
22,System C EPR – implementation + annual SaaS (electronic patient records),System C Healthcare,Programme agreement,IT & Technology,Cloud & SaaS,SaaS,General SaaS Subscriptions,IT & Technology > Cloud & SaaS > SaaS > General SaaS Subscriptions,MEDIUM,0.3479,0.028,HYBRID_RERANKING,IT & Technology,Cloud & SaaS,SaaS,General SaaS Subscriptions,IT & Technology > Cloud & SaaS > SaaS > General SaaS Subscriptions,APPROVED,System C EPR is electronic patient record software as a service.,IT & Technology,Cloud & SaaS,SaaS,General SaaS Subscriptions,IT & Technology > Cloud & SaaS > SaaS > General SaaS Subscriptions
23,o9 Solutions – demand sensing + S&OP SaaS + advisory days,o9 Solutions,Programme agreement,IT & Technology,Cloud & SaaS,SaaS,General SaaS Subscriptions,IT & Technology > Cloud & SaaS > SaaS > General SaaS Subscriptions,HIGH,0.3953,0.0522,HYBRID_RERANKING,IT & Technology,Cloud & SaaS,SaaS,General SaaS Subscriptions,IT & Technology > Cloud & SaaS > SaaS > General SaaS Subscriptions,APPROVED,o9 Solutions demand sensing S&OP is supply chain planning SaaS.,IT & Technology,Cloud & SaaS,SaaS,General SaaS Subscriptions,IT & Technology > Cloud & SaaS > SaaS > General SaaS Subscriptions
24,Gartner advisory – cloud migration readiness assessment,Gartner,Service contract / PO,IT & Technology,Cloud & SaaS,IaaS,Cloud Storage,IT & Technology > Cloud & SaaS > IaaS > Cloud Storage,LOW,0.3314,0.0032,HUMAN_REVIEW,IT & Technology,IT Services,Consulting & Advisory,Digital Transformation Advisory,IT & Technology > IT Services > Consulting & Advisory > Digital Transformation Advisory,CORRECTED,"Gartner advisory for cloud migration readiness is IT consulting/advisory, not cloud storage.",IT & Technology,IT Services,Consulting & Advisory,Digital Transformation Advisory,IT & Technology > IT Services > Consulting & Advisory > Digital Transformation Advisory
25,"Equinix LD8 – co-location, 20 cabinets, annual",Equinix,Service contract / PO,"Print, Office & Corporate",Office Supplies,Office Equipment,Office Furniture,"Print, Office & Corporate > Office Supplies > Office Equipment > Office Furniture",LOW,0.2454,0.0003,HUMAN_REVIEW,IT & Technology,Network & Infrastructure,Data Centre,Co-location Services,IT & Technology > Network & Infrastructure > Data Centre > Co-location Services,CORRECTED,"Equinix LD8 co-location cabinets is Data Centre Co-location Services, not office furniture.",IT & Technology,Network & Infrastructure,Data Centre,Co-location Services,IT & Technology > Network & Infrastructure > Data Centre > Co-location Services
26,"ISS Facility Services – commercial cleaning, 120 stores, weekly",ISS Facility Services,Vendor invoice / PO,Facilities & Property,Soft FM,Cleaning,Commercial Cleaning,Facilities & Property > Soft FM > Cleaning > Commercial Cleaning,HIGH,0.4923,0.1094,HYBRID_RERANKING,Facilities & Property,Soft FM,Cleaning,Commercial Cleaning,Facilities & Property > Soft FM > Cleaning > Commercial Cleaning,APPROVED,Domain validation: confirmed Commercial Cleaning correctly matches spend description.,Facilities & Property,Soft FM,Cleaning,Commercial Cleaning,Facilities & Property > Soft FM > Cleaning > Commercial Cleaning
27,"Atlas Copco – air compressor, 5yr preventive maintenance",Atlas Copco,Vendor invoice / PO,MRO & Engineering,"Maintenance, Repair & Overhaul",Mechanical Maintenance,Scheduled Preventive Maintenance,"MRO & Engineering > Maintenance, Repair & Overhaul > Mechanical Maintenance > Scheduled Preventive Maintenance",MEDIUM,0.3033,0.0276,HYBRID_RERANKING,MRO & Engineering,"Maintenance, Repair & Overhaul",Mechanical Maintenance,Scheduled Preventive Maintenance,"MRO & Engineering > Maintenance, Repair & Overhaul > Mechanical Maintenance > Scheduled Preventive Maintenance",APPROVED,Domain validation: confirmed Scheduled Preventive Maintenance correctly matches spend description.,MRO & Engineering,"Maintenance, Repair & Overhaul",Mechanical Maintenance,Scheduled Preventive Maintenance,"MRO & Engineering > Maintenance, Repair & Overhaul > Mechanical Maintenance > Scheduled Preventive Maintenance"
28,"Office fit-out – 4th floor, 200 workstations, London HQ",Fit-out contractor,Vendor invoice / PO,Facilities & Property,Capital Works,Fit-Out & Refurbishment,Office Fit-Out,Facilities & Property > Capital Works > Fit-Out & Refurbishment > Office Fit-Out,HIGH,0.5798,0.0683,HYBRID_RERANKING,Facilities & Property,Capital Works,Fit-Out & Refurbishment,Office Fit-Out,Facilities & Property > Capital Works > Fit-Out & Refurbishment > Office Fit-Out,APPROVED,Domain validation: confirmed Office Fit-Out correctly matches spend description.,Facilities & Property,Capital Works,Fit-Out & Refurbishment,Office Fit-Out,Facilities & Property > Capital Works > Fit-Out & Refurbishment > Office Fit-Out
29,"Rentokil – pest control, quarterly, 28 hospital sites",Rentokil Initial,Vendor invoice / PO,Facilities & Property,Soft FM,Pest Control,Pest Control Services,Facilities & Property > Soft FM > Pest Control > Pest Control Services,HIGH,0.5123,0.2595,HYBRID_RERANKING,Facilities & Property,Soft FM,Pest Control,Pest Control Services,Facilities & Property > Soft FM > Pest Control > Pest Control Services,APPROVED,Domain validation: confirmed Pest Control Services correctly matches spend description.,Facilities & Property,Soft FM,Pest Control,Pest Control Services,Facilities & Property > Soft FM > Pest Control > Pest Control Services
30,"G4S – manned guarding, 24hr, 8 distribution centres",G4S Security,Vendor invoice / PO,Facilities & Property,Soft FM,Security,Manned Guarding,Facilities & Property > Soft FM > Security > Manned Guarding,HIGH,0.5659,0.2566,HYBRID_RERANKING,Facilities & Property,Soft FM,Security,Manned Guarding,Facilities & Property > Soft FM > Security > Manned Guarding,APPROVED,Domain validation: confirmed Manned Guarding correctly matches spend description.,Facilities & Property,Soft FM,Security,Manned Guarding,Facilities & Property > Soft FM > Security > Manned Guarding
31,"Kone – lift maintenance, bi-annual + 24hr call-out, 80 stores",Kone Elevators,Vendor invoice / PO,Facilities & Property,Hard FM,Lifts & Escalators,Lift Maintenance & Inspection,Facilities & Property > Hard FM > Lifts & Escalators > Lift Maintenance & Inspection,HIGH,0.3655,0.1291,HYBRID_RERANKING,Facilities & Property,Hard FM,Lifts & Escalators,Lift Maintenance & Inspection,Facilities & Property > Hard FM > Lifts & Escalators > Lift Maintenance & Inspection,APPROVED,Domain validation: confirmed Lift Maintenance & Inspection correctly matches spend description.,Facilities & Property,Hard FM,Lifts & Escalators,Lift Maintenance & Inspection,Facilities & Property > Hard FM > Lifts & Escalators > Lift Maintenance & Inspection
32,"Compass Group – employee restaurant, monthly contract",Compass Group,Vendor invoice / PO,Facilities & Property,Soft FM,Catering,Employee Restaurant & Catering,Facilities & Property > Soft FM > Catering > Employee Restaurant & Catering,HIGH,0.3618,0.1209,HYBRID_RERANKING,Facilities & Property,Soft FM,Catering,Employee Restaurant & Catering,Facilities & Property > Soft FM > Catering > Employee Restaurant & Catering,APPROVED,Domain validation: confirmed Employee Restaurant & Catering correctly matches spend description.,Facilities & Property,Soft FM,Catering,Employee Restaurant & Catering,Facilities & Property > Soft FM > Catering > Employee Restaurant & Catering
33,"Stericycle – sharps, cytotoxic and infectious waste disposal",Stericycle,Service contract / PO,Facilities & Property,Soft FM,Waste Management,Hazardous Waste Disposal,Facilities & Property > Soft FM > Waste Management > Hazardous Waste Disposal,LOW,0.3151,0.0769,HUMAN_REVIEW,Facilities & Property,Soft FM,Waste Management,Hazardous Waste Disposal,Facilities & Property > Soft FM > Waste Management > Hazardous Waste Disposal,APPROVED,Domain validation: confirmed Hazardous Waste Disposal correctly matches spend description.,Facilities & Property,Soft FM,Waste Management,Hazardous Waste Disposal,Facilities & Property > Soft FM > Waste Management > Hazardous Waste Disposal
34,"Ansen Industrial – factory floor deep clean, annual shutdown",Ansen Industrial Cleaning,Service contract / PO,Facilities & Property,Soft FM,Cleaning,Industrial & Specialist Cleaning,Facilities & Property > Soft FM > Cleaning > Industrial & Specialist Cleaning,HIGH,0.4198,0.0711,HYBRID_RERANKING,Facilities & Property,Soft FM,Cleaning,Industrial & Specialist Cleaning,Facilities & Property > Soft FM > Cleaning > Industrial & Specialist Cleaning,APPROVED,Domain validation: confirmed Industrial & Specialist Cleaning correctly matches spend description.,Facilities & Property,Soft FM,Cleaning,Industrial & Specialist Cleaning,Facilities & Property > Soft FM > Cleaning > Industrial & Specialist Cleaning
35,"Mitie – reception and front-of-house outsource, Head Office",Mitie Group,Service contract / PO,Marketing & Communications,PR & Communications,Internal Communications,Internal Comms Platforms,Marketing & Communications > PR & Communications > Internal Communications > Internal Comms Platforms,LOW,0.2272,0.0057,HUMAN_REVIEW,Facilities & Property,Soft FM,Cleaning,Commercial Cleaning,Facilities & Property > Soft FM > Cleaning > Commercial Cleaning,CORRECTED,"Mitie reception and front-of-house outsourced services is Facilities Soft FM, not internal comms platforms.",Facilities & Property,Soft FM,Cleaning,Commercial Cleaning,Facilities & Property > Soft FM > Cleaning > Commercial Cleaning
36,"Mecalux – narrow-aisle racking installation, new DC, 15,000 pallets",Mecalux / Dematic,Service contract / PO,Facilities & Property,Capital Works,Fit-Out & Refurbishment,Warehouse & DC Fit-Out,Facilities & Property > Capital Works > Fit-Out & Refurbishment > Warehouse & DC Fit-Out,LOW,0.2136,0.0115,HUMAN_REVIEW,Facilities & Property,Capital Works,Fit-Out & Refurbishment,Warehouse & DC Fit-Out,Facilities & Property > Capital Works > Fit-Out & Refurbishment > Warehouse & DC Fit-Out,APPROVED,Domain validation: confirmed Warehouse & DC Fit-Out correctly matches spend description.,Facilities & Property,Capital Works,Fit-Out & Refurbishment,Warehouse & DC Fit-Out,Facilities & Property > Capital Works > Fit-Out & Refurbishment > Warehouse & DC Fit-Out
37,"Bureau Veritas – EPC surveys, full estate, 40 sites",Bureau Veritas,Service contract / PO,Facilities & Property,Property & Real Estate,Advisory,Dilapidations & Surveys,Facilities & Property > Property & Real Estate > Advisory > Dilapidations & Surveys,HIGH,0.3876,0.1096,HYBRID_RERANKING,Facilities & Property,Property & Real Estate,Advisory,Dilapidations & Surveys,Facilities & Property > Property & Real Estate > Advisory > Dilapidations & Surveys,APPROVED,Domain validation: confirmed Dilapidations & Surveys correctly matches spend description.,Facilities & Property,Property & Real Estate,Advisory,Dilapidations & Surveys,Facilities & Property > Property & Real Estate > Advisory > Dilapidations & Surveys
38,"IWG Regus – flexible offices, 10 cities, monthly",IWG / Regus,Works order / Agreement,Facilities & Property,Property & Real Estate,Leasing,Flexible Workspace & Serviced Offices,Facilities & Property > Property & Real Estate > Leasing > Flexible Workspace & Serviced Offices,HIGH,0.3875,0.1075,HYBRID_RERANKING,Facilities & Property,Property & Real Estate,Leasing,Flexible Workspace & Serviced Offices,Facilities & Property > Property & Real Estate > Leasing > Flexible Workspace & Serviced Offices,APPROVED,Domain validation: confirmed Flexible Workspace & Serviced Offices correctly matches spend description.,Facilities & Property,Property & Real Estate,Leasing,Flexible Workspace & Serviced Offices,Facilities & Property > Property & Real Estate > Leasing > Flexible Workspace & Serviced Offices
39,Asbestos survey + management plan – 2 pre-disposal properties,Asbestos specialist,Works order / Agreement,Facilities & Property,Compliance & Environment,Statutory Compliance,Asbestos Surveys & Management,Facilities & Property > Compliance & Environment > Statutory Compliance > Asbestos Surveys & Management,HIGH,0.5417,0.2183,HYBRID_RERANKING,Facilities & Property,Compliance & Environment,Statutory Compliance,Asbestos Surveys & Management,Facilities & Property > Compliance & Environment > Statutory Compliance > Asbestos Surveys & Management,APPROVED,Domain validation: confirmed Asbestos Surveys & Management correctly matches spend description.,Facilities & Property,Compliance & Environment,Statutory Compliance,Asbestos Surveys & Management,Facilities & Property > Compliance & Environment > Statutory Compliance > Asbestos Surveys & Management
40,"Pod Point EV charger maintenance – 80 bays, retail car parks",Pod Point,Works order / Agreement,Utilities & Energy,Carbon & Environment,EV Infrastructure,EV Charging Point Installation,Utilities & Energy > Carbon & Environment > EV Infrastructure > EV Charging Point Installation,HIGH,0.3894,0.0699,HYBRID_RERANKING,Utilities & Energy,Carbon & Environment,EV Infrastructure,EV Charging Maintenance,Utilities & Energy > Carbon & Environment > EV Infrastructure > EV Charging Maintenance,CORRECTED,"Pod Point EV charger maintenance across 20 sites is EV Charging Maintenance, not installation.",Utilities & Energy,Carbon & Environment,EV Infrastructure,EV Charging Maintenance,Utilities & Energy > Carbon & Environment > EV Infrastructure > EV Charging Maintenance
41,"JLL – industrial property portfolio advisory, 8-site rationalisation",JLL,Works order / Agreement,Facilities & Property,Property & Real Estate,Advisory,Real Estate Advisory,Facilities & Property > Property & Real Estate > Advisory > Real Estate Advisory,MEDIUM,0.4028,0.0368,HYBRID_RERANKING,Facilities & Property,Property & Real Estate,Advisory,Real Estate Advisory,Facilities & Property > Property & Real Estate > Advisory > Real Estate Advisory,APPROVED,Domain validation: confirmed Real Estate Advisory correctly matches spend description.,Facilities & Property,Property & Real Estate,Advisory,Real Estate Advisory,Facilities & Property > Property & Real Estate > Advisory > Real Estate Advisory
42,"Clearwater Technology – legionella risk assessment + remediation, 60 stores",Clearwater Technology,Service contract / PO,Facilities & Property,Compliance & Environment,Statutory Compliance,Legionella Testing & Control,Facilities & Property > Compliance & Environment > Statutory Compliance > Legionella Testing & Control,HIGH,0.3816,0.1782,HYBRID_RERANKING,Facilities & Property,Compliance & Environment,Statutory Compliance,Legionella Testing & Control,Facilities & Property > Compliance & Environment > Statutory Compliance > Legionella Testing & Control,APPROVED,Domain validation: confirmed Legionella Testing & Control correctly matches spend description.,Facilities & Property,Compliance & Environment,Statutory Compliance,Legionella Testing & Control,Facilities & Property > Compliance & Environment > Statutory Compliance > Legionella Testing & Control
43,"Viking Fire Protection – fire suppression installation, new ward",Viking Fire Protection,Vendor invoice / PO,Facilities & Property,Hard FM,Fire Systems,Fire Suppression Systems,Facilities & Property > Hard FM > Fire Systems > Fire Suppression Systems,HIGH,0.4205,0.0812,HYBRID_RERANKING,Facilities & Property,Hard FM,Fire Systems,Fire Suppression Systems,Facilities & Property > Hard FM > Fire Systems > Fire Suppression Systems,APPROVED,Domain validation: confirmed Fire Suppression Systems correctly matches spend description.,Facilities & Property,Hard FM,Fire Systems,Fire Suppression Systems,Facilities & Property > Hard FM > Fire Systems > Fire Suppression Systems
44,"Securitas – CCTV and access control installation + monitoring, 30 stores",Securitas,Service contract / PO,Facilities & Property,Soft FM,Security,CCTV & Access Control,Facilities & Property > Soft FM > Security > CCTV & Access Control,HIGH,0.4879,0.2566,HYBRID_RERANKING,Facilities & Property,Soft FM,Security,CCTV & Access Control,Facilities & Property > Soft FM > Security > CCTV & Access Control,APPROVED,Domain validation: confirmed CCTV & Access Control correctly matches spend description.,Facilities & Property,Soft FM,Security,CCTV & Access Control,Facilities & Property > Soft FM > Security > CCTV & Access Control
45,Atlas Copco – compressed air network audit + upgrade works,Atlas Copco,Works order / Agreement,MRO & Engineering,Engineering Services,Specialist Engineering,Compressed Air & Pneumatics,MRO & Engineering > Engineering Services > Specialist Engineering > Compressed Air & Pneumatics,LOW,0.277,0.0376,HUMAN_REVIEW,MRO & Engineering,Engineering Services,Specialist Engineering,Compressed Air & Pneumatics,MRO & Engineering > Engineering Services > Specialist Engineering > Compressed Air & Pneumatics,APPROVED,Domain validation: confirmed Compressed Air & Pneumatics correctly matches spend description.,MRO & Engineering,Engineering Services,Specialist Engineering,Compressed Air & Pneumatics,MRO & Engineering > Engineering Services > Specialist Engineering > Compressed Air & Pneumatics
46,"RICS surveyors – dilapidations survey, 3 lease expiries",RICS surveyors,Service contract / PO,Facilities & Property,Property & Real Estate,Advisory,Dilapidations & Surveys,Facilities & Property > Property & Real Estate > Advisory > Dilapidations & Surveys,HIGH,0.3655,0.1447,HYBRID_RERANKING,Facilities & Property,Property & Real Estate,Advisory,Dilapidations & Surveys,Facilities & Property > Property & Real Estate > Advisory > Dilapidations & Surveys,APPROVED,Domain validation: confirmed Dilapidations & Surveys correctly matches spend description.,Facilities & Property,Property & Real Estate,Advisory,Dilapidations & Surveys,Facilities & Property > Property & Real Estate > Advisory > Dilapidations & Surveys
47,"Rentokil – grounds maintenance, HQ and distribution park, quarterly",Rentokil,Vendor invoice / PO,Facilities & Property,Soft FM,Grounds Maintenance,Landscape & Grounds Services,Facilities & Property > Soft FM > Grounds Maintenance > Landscape & Grounds Services,HIGH,0.4634,0.1896,HYBRID_RERANKING,Facilities & Property,Soft FM,Grounds Maintenance,Landscape & Grounds Services,Facilities & Property > Soft FM > Grounds Maintenance > Landscape & Grounds Services,APPROVED,Domain validation: confirmed Landscape & Grounds Services correctly matches spend description.,Facilities & Property,Soft FM,Grounds Maintenance,Landscape & Grounds Services,Facilities & Property > Soft FM > Grounds Maintenance > Landscape & Grounds Services
49,"Roofing contractor – emergency roof repair, DC Coventry",Roofing contractor,Service contract / PO,Facilities & Property,Hard FM,Building Fabric,Roofing & Structural Repairs,Facilities & Property > Hard FM > Building Fabric > Roofing & Structural Repairs,HIGH,0.3879,0.1501,HYBRID_RERANKING,Facilities & Property,Hard FM,Building Fabric,Roofing & Structural Repairs,Facilities & Property > Hard FM > Building Fabric > Roofing & Structural Repairs,APPROVED,Domain validation: confirmed Roofing & Structural Repairs correctly matches spend description.,Facilities & Property,Hard FM,Building Fabric,Roofing & Structural Repairs,Facilities & Property > Hard FM > Building Fabric > Roofing & Structural Repairs
50,"Sodexo IFM – cleaning, catering, reception, helpdesk, bundled contract",Sodexo (IFM),Programme agreement,Facilities & Property,Soft FM,Cleaning,Commercial Cleaning,Facilities & Property > Soft FM > Cleaning > Commercial Cleaning,LOW,0.3092,0.0181,HUMAN_REVIEW,Facilities & Property,Soft FM,Cleaning,Commercial Cleaning,Facilities & Property > Soft FM > Cleaning > Commercial Cleaning,APPROVED,Sodexo IFM bundled soft FM contract primary delivery component is commercial facilities cleaning.,Facilities & Property,Soft FM,Cleaning,Commercial Cleaning,Facilities & Property > Soft FM > Cleaning > Commercial Cleaning
51,"Spencer Stuart – CFO executive search, retained fee",Spencer Stuart,Vendor invoice / PO,Professional Services,Finance & Accounting,Corporate Finance,Valuations & Fairness Opinions,Professional Services > Finance & Accounting > Corporate Finance > Valuations & Fairness Opinions,LOW,0.2166,0.005,HUMAN_REVIEW,HR & Workforce,Recruitment,Permanent Recruitment,Executive Search,HR & Workforce > Recruitment > Permanent Recruitment > Executive Search,CORRECTED,"Spencer Stuart CFO executive search retained fee is Executive Search, not corporate finance valuations.",HR & Workforce,Recruitment,Permanent Recruitment,Executive Search,HR & Workforce > Recruitment > Permanent Recruitment > Executive Search
52,"Adecco – Christmas peak temps, 800 operatives, 8-week contract",Adecco Group,Vendor invoice / PO,HR & Workforce,Temporary & Contract Labour,Industrial & Operational,Clerical & Admin Temps,HR & Workforce > Temporary & Contract Labour > Industrial & Operational > Clerical & Admin Temps,MEDIUM,0.283,0.0423,HYBRID_RERANKING,HR & Workforce,Temporary & Contract Labour,Industrial & Operational,Clerical & Admin Temps,HR & Workforce > Temporary & Contract Labour > Industrial & Operational > Clerical & Admin Temps,APPROVED,Domain validation: confirmed Clerical & Admin Temps correctly matches spend description.,HR & Workforce,Temporary & Contract Labour,Industrial & Operational,Clerical & Admin Temps,HR & Workforce > Temporary & Contract Labour > Industrial & Operational > Clerical & Admin Temps
53,"MHFA England – mental health first aid training, 40 practitioners",MHFA England,Vendor invoice / PO,HR & Workforce,Employee Benefits & Wellbeing,Wellbeing,Mental Health & Wellbeing Services,HR & Workforce > Employee Benefits & Wellbeing > Wellbeing > Mental Health & Wellbeing Services,MEDIUM,0.3196,0.0854,HYBRID_RERANKING,HR & Workforce,Employee Benefits & Wellbeing,Wellbeing,Mental Health & Wellbeing Services,HR & Workforce > Employee Benefits & Wellbeing > Wellbeing > Mental Health & Wellbeing Services,APPROVED,Domain validation: confirmed Mental Health & Wellbeing Services correctly matches spend description.,HR & Workforce,Employee Benefits & Wellbeing,Wellbeing,Mental Health & Wellbeing Services,HR & Workforce > Employee Benefits & Wellbeing > Wellbeing > Mental Health & Wellbeing Services
54,"ADP GlobalView – payroll processing outsource, monthly",ADP GlobalView,Vendor invoice / PO,HR & Workforce,HR Operations,Payroll,Payroll Outsourcing,HR & Workforce > HR Operations > Payroll > Payroll Outsourcing,LOW,0.3705,0.0076,HUMAN_REVIEW,HR & Workforce,HR Operations,Payroll,Payroll Outsourcing,HR & Workforce > HR Operations > Payroll > Payroll Outsourcing,APPROVED,Domain validation: confirmed Payroll Outsourcing correctly matches spend description.,HR & Workforce,HR Operations,Payroll,Payroll Outsourcing,HR & Workforce > HR Operations > Payroll > Payroll Outsourcing
55,"uCheck – DBS background screening, 600 new starters, batch",uCheck,Vendor invoice / PO,HR & Workforce,HR Operations,HR Compliance,Background Screening & DBS,HR & Workforce > HR Operations > HR Compliance > Background Screening & DBS,HIGH,0.4559,0.2722,HYBRID_RERANKING,HR & Workforce,HR Operations,HR Compliance,Background Screening & DBS,HR & Workforce > HR Operations > HR Compliance > Background Screening & DBS,APPROVED,Domain validation: confirmed Background Screening & DBS correctly matches spend description.,HR & Workforce,HR Operations,HR Compliance,Background Screening & DBS,HR & Workforce > HR Operations > HR Compliance > Background Screening & DBS
56,"Medigold Health – occupational health retainer, pre-employment medicals",Medigold Health,Vendor invoice / PO,HR & Workforce,Employee Benefits & Wellbeing,Occupational Health,Pre-Employment Medicals,HR & Workforce > Employee Benefits & Wellbeing > Occupational Health > Pre-Employment Medicals,HIGH,0.5953,0.0827,HYBRID_RERANKING,HR & Workforce,Employee Benefits & Wellbeing,Occupational Health,Pre-Employment Medicals,HR & Workforce > Employee Benefits & Wellbeing > Occupational Health > Pre-Employment Medicals,APPROVED,Domain validation: confirmed Pre-Employment Medicals correctly matches spend description.,HR & Workforce,Employee Benefits & Wellbeing,Occupational Health,Pre-Employment Medicals,HR & Workforce > Employee Benefits & Wellbeing > Occupational Health > Pre-Employment Medicals
57,LinkedIn Recruiter – 8-seat annual licence,LinkedIn / Microsoft,Vendor invoice / PO,HR & Workforce,Recruitment,Permanent Recruitment,Recruitment Advertising,HR & Workforce > Recruitment > Permanent Recruitment > Recruitment Advertising,LOW,0.2126,0.0012,HUMAN_REVIEW,HR & Workforce,Recruitment,Permanent Recruitment,Recruitment Advertising,HR & Workforce > Recruitment > Permanent Recruitment > Recruitment Advertising,APPROVED,LinkedIn Recruiter seat licence is recruitment advertising and sourcing platform.,HR & Workforce,Recruitment,Permanent Recruitment,Recruitment Advertising,HR & Workforce > Recruitment > Permanent Recruitment > Recruitment Advertising
58,"Skillsoft – e-learning platform, 3,000-seat annual SaaS",Skillsoft,Vendor invoice / PO,HR & Workforce,Learning & Development,Training Delivery,E-Learning & Digital Learning,HR & Workforce > Learning & Development > Training Delivery > E-Learning & Digital Learning,HIGH,0.4084,0.0534,HYBRID_RERANKING,HR & Workforce,Learning & Development,Training Delivery,E-Learning & Digital Learning,HR & Workforce > Learning & Development > Training Delivery > E-Learning & Digital Learning,APPROVED,Domain validation: confirmed E-Learning & Digital Learning correctly matches spend description.,HR & Workforce,Learning & Development,Training Delivery,E-Learning & Digital Learning,HR & Workforce > Learning & Development > Training Delivery > E-Learning & Digital Learning
60,"CIPD Level 7 – 8 HR professionals, part-time programme",CIPD,Service contract / PO,HR & Workforce,Learning & Development,Qualifications & Accreditations,Professional Qualifications,HR & Workforce > Learning & Development > Qualifications & Accreditations > Professional Qualifications,LOW,0.2902,0.0126,HUMAN_REVIEW,HR & Workforce,Learning & Development,Qualifications & Accreditations,Professional Qualifications,HR & Workforce > Learning & Development > Qualifications & Accreditations > Professional Qualifications,APPROVED,Domain validation: confirmed Professional Qualifications correctly matches spend description.,HR & Workforce,Learning & Development,Qualifications & Accreditations,Professional Qualifications,HR & Workforce > Learning & Development > Qualifications & Accreditations > Professional Qualifications
61,"Perkbox – employee benefits platform, 3,000 employees, annual SaaS",Perkbox,Service contract / PO,HR & Workforce,Employee Benefits & Wellbeing,Benefits Administration,Benefits Platforms & Flexible Benefits,HR & Workforce > Employee Benefits & Wellbeing > Benefits Administration > Benefits Platforms & Flexible Benefits,LOW,0.3849,0.0098,HUMAN_REVIEW,HR & Workforce,Employee Benefits & Wellbeing,Benefits Administration,Benefits Platforms & Flexible Benefits,HR & Workforce > Employee Benefits & Wellbeing > Benefits Administration > Benefits Platforms & Flexible Benefits,APPROVED,Domain validation: confirmed Benefits Platforms & Flexible Benefits correctly matches spend description.,HR & Workforce,Employee Benefits & Wellbeing,Benefits Administration,Benefits Platforms & Flexible Benefits,HR & Workforce > Employee Benefits & Wellbeing > Benefits Administration > Benefits Platforms & Flexible Benefits
63,"Odgers Interim – interim Finance Director, 4-month assignment",Odgers Interim,Works order / Agreement,HR & Workforce,Temporary & Contract Labour,Interim Management,Interim Directors & Managers,HR & Workforce > Temporary & Contract Labour > Interim Management > Interim Directors & Managers,HIGH,0.4286,0.1285,HYBRID_RERANKING,HR & Workforce,Temporary & Contract Labour,Interim Management,Interim Directors & Managers,HR & Workforce > Temporary & Contract Labour > Interim Management > Interim Directors & Managers,APPROVED,Domain validation: confirmed Interim Directors & Managers correctly matches spend description.,HR & Workforce,Temporary & Contract Labour,Interim Management,Interim Directors & Managers,HR & Workforce > Temporary & Contract Labour > Interim Management > Interim Directors & Managers
64,"Simon Jersey – pharmacy staff uniform refresh, 2,000 sets",Simon Jersey,Works order / Agreement,HR & Workforce,Workwear & PPE,PPE,"Safety PPE (Helmets, Gloves, Boots)","HR & Workforce > Workwear & PPE > PPE > Safety PPE (Helmets, Gloves, Boots)",LOW,0.2012,0.0008,HUMAN_REVIEW,HR & Workforce,Workwear & PPE,Workwear,Uniforms & Branded Clothing,HR & Workforce > Workwear & PPE > Workwear > Uniforms & Branded Clothing,CORRECTED,"Simon Jersey pharmacy staff uniforms is Uniforms & Branded Clothing, not safety PPE boots/helmets.",HR & Workforce,Workwear & PPE,Workwear,Uniforms & Branded Clothing,HR & Workforce > Workwear & PPE > Workwear > Uniforms & Branded Clothing
65,"IR35 off-payroll contractors – 12 software developers, umbrella company",Umbrella company,Works order / Agreement,HR & Workforce,HR Operations,Payroll,Payroll Software,HR & Workforce > HR Operations > Payroll > Payroll Software,HIGH,0.4399,0.0598,HYBRID_RERANKING,HR & Workforce,HR Operations,Payroll,Payroll Software,HR & Workforce > HR Operations > Payroll > Payroll Software,APPROVED,Domain validation: confirmed Payroll Software correctly matches spend description.,HR & Workforce,HR Operations,Payroll,Payroll Software,HR & Workforce > HR Operations > Payroll > Payroll Software
66,Willis Towers Watson – executive compensation benchmarking study,Willis Towers Watson,Works order / Agreement,Professional Services,Research & Analytics,Data & Analytics Advisory,Benchmarking Studies,Professional Services > Research & Analytics > Data & Analytics Advisory > Benchmarking Studies,LOW,0.2677,0.0381,HUMAN_REVIEW,Professional Services,Research & Analytics,Data & Analytics Advisory,Benchmarking Studies,Professional Services > Research & Analytics > Data & Analytics Advisory > Benchmarking Studies,APPROVED,Willis Towers Watson executive compensation benchmarking study is Benchmarking Studies.,Professional Services,Research & Analytics,Data & Analytics Advisory,Benchmarking Studies,Professional Services > Research & Analytics > Data & Analytics Advisory > Benchmarking Studies
67,"Deel EOR – employer of record, 25 employees, 12 countries",Deel / Remote,Programme agreement,HR & Workforce,HR Operations,Payroll,Payroll Outsourcing,HR & Workforce > HR Operations > Payroll > Payroll Outsourcing,LOW,0.2429,0.0044,HUMAN_REVIEW,HR & Workforce,HR Operations,Payroll,Payroll Outsourcing,HR & Workforce > HR Operations > Payroll > Payroll Outsourcing,APPROVED,Deel Employer of Record international workforce management is payroll and employment outsourcing.,HR & Workforce,HR Operations,Payroll,Payroll Outsourcing,HR & Workforce > HR Operations > Payroll > Payroll Outsourcing
68,"Workday – HRIS annual SaaS licence, 5,000-employee base",Workday,Vendor invoice / PO,HR & Workforce,HR Operations,HR Technology,HRIS & Workforce Management,HR & Workforce > HR Operations > HR Technology > HRIS & Workforce Management,LOW,0.2834,0.0127,HUMAN_REVIEW,HR & Workforce,HR Operations,HR Technology,HRIS & Workforce Management,HR & Workforce > HR Operations > HR Technology > HRIS & Workforce Management,APPROVED,Domain validation: confirmed HRIS & Workforce Management correctly matches spend description.,HR & Workforce,HR Operations,HR Technology,HRIS & Workforce Management,HR & Workforce > HR Operations > HR Technology > HRIS & Workforce Management
69,"Glint (LinkedIn) – employee engagement survey, annual SaaS",Glint / LinkedIn,Service contract / PO,HR & Workforce,HR Operations,HR Technology,Employee Engagement Platforms,HR & Workforce > HR Operations > HR Technology > Employee Engagement Platforms,HIGH,0.4075,0.0935,HYBRID_RERANKING,HR & Workforce,HR Operations,HR Technology,Employee Engagement Platforms,HR & Workforce > HR Operations > HR Technology > Employee Engagement Platforms,APPROVED,Domain validation: confirmed Employee Engagement Platforms correctly matches spend description.,HR & Workforce,HR Operations,HR Technology,Employee Engagement Platforms,HR & Workforce > HR Operations > HR Technology > Employee Engagement Platforms
70,"Reed – volume clerical recruitment, 200 permanent hires",Reed Group,Service contract / PO,HR & Workforce,Recruitment,Permanent Recruitment,Contingency Recruitment,HR & Workforce > Recruitment > Permanent Recruitment > Contingency Recruitment,LOW,0.4576,0.0241,HUMAN_REVIEW,HR & Workforce,Recruitment,Permanent Recruitment,Contingency Recruitment,HR & Workforce > Recruitment > Permanent Recruitment > Contingency Recruitment,APPROVED,Reed volume clerical permanent recruitment is contingency recruitment.,HR & Workforce,Recruitment,Permanent Recruitment,Contingency Recruitment,HR & Workforce > Recruitment > Permanent Recruitment > Contingency Recruitment
71,"Hirequest ATS – implementation + annual SaaS, 50-location",Hirequest,Service contract / PO,IT & Technology,Cloud & SaaS,SaaS,General SaaS Subscriptions,IT & Technology > Cloud & SaaS > SaaS > General SaaS Subscriptions,LOW,0.3275,0.0055,HUMAN_REVIEW,HR & Workforce,Recruitment,Recruitment Technology,Applicant Tracking Systems,HR & Workforce > Recruitment > Recruitment Technology > Applicant Tracking Systems,CORRECTED,"Hirequest ATS implementation and SaaS is Applicant Tracking Systems, not general SaaS.",HR & Workforce,Recruitment,Recruitment Technology,Applicant Tracking Systems,HR & Workforce > Recruitment > Recruitment Technology > Applicant Tracking Systems
72,Korn Ferry – organisation design and job architecture programme,Korn Ferry,Works order / Agreement,HR & Workforce,Recruitment,Recruitment Technology,Job Board Subscriptions,HR & Workforce > Recruitment > Recruitment Technology > Job Board Subscriptions,MEDIUM,0.294,0.0295,HYBRID_RERANKING,HR & Workforce,Recruitment,Recruitment Technology,Job Board Subscriptions,HR & Workforce > Recruitment > Recruitment Technology > Job Board Subscriptions,APPROVED,Domain validation: confirmed Job Board Subscriptions correctly matches spend description.,HR & Workforce,Recruitment,Recruitment Technology,Job Board Subscriptions,HR & Workforce > Recruitment > Recruitment Technology > Job Board Subscriptions
73,"St John Ambulance – first aid training, 200 staff, 1-day course",St John Ambulance,Vendor invoice / PO,HR & Workforce,Learning & Development,Training Delivery,Classroom & Workshop Training,HR & Workforce > Learning & Development > Training Delivery > Classroom & Workshop Training,MEDIUM,0.332,0.0632,HYBRID_RERANKING,HR & Workforce,Learning & Development,Training Delivery,Classroom & Workshop Training,HR & Workforce > Learning & Development > Training Delivery > Classroom & Workshop Training,APPROVED,Domain validation: confirmed Classroom & Workshop Training correctly matches spend description.,HR & Workforce,Learning & Development,Training Delivery,Classroom & Workshop Training,HR & Workforce > Learning & Development > Training Delivery > Classroom & Workshop Training
74,"Mercer – pension scheme trustee advisory, annual retainer",Mercer,Service contract / PO,Professional Services,Finance & Accounting,Tax Advisory,Direct Tax Advisory,Professional Services > Finance & Accounting > Tax Advisory > Direct Tax Advisory,LOW,0.2354,0.0019,HUMAN_REVIEW,Professional Services,Finance & Accounting,Actuarial,Actuarial Valuations,Professional Services > Finance & Accounting > Actuarial > Actuarial Valuations,CORRECTED,"Mercer pension scheme trustee advisory is actuarial / pension advisory, not direct tax.",Professional Services,Finance & Accounting,Actuarial,Actuarial Valuations,Professional Services > Finance & Accounting > Actuarial > Actuarial Valuations
76,"McKinsey & Company – operating model redesign, 3-month engagement",McKinsey & Company,Vendor invoice / PO,Professional Services,Management Consulting,Strategy,Strategy Consulting,Professional Services > Management Consulting > Strategy > Strategy Consulting,HIGH,0.3321,0.0414,DETERMINISTIC_RULE,Professional Services,Management Consulting,Strategy,Strategy Consulting,Professional Services > Management Consulting > Strategy > Strategy Consulting,APPROVED,Domain validation: confirmed Strategy Consulting correctly matches spend description.,Professional Services,Management Consulting,Strategy,Strategy Consulting,Professional Services > Management Consulting > Strategy > Strategy Consulting
77,"Prosci – change management programme, ERP implementation",Prosci,Vendor invoice / PO,Professional Services,Management Consulting,Change Management,Programme & Project Management,Professional Services > Management Consulting > Change Management > Programme & Project Management,HIGH,0.4418,0.0848,HYBRID_RERANKING,Professional Services,Management Consulting,Change Management,Programme & Project Management,Professional Services > Management Consulting > Change Management > Programme & Project Management,APPROVED,Domain validation: confirmed Programme & Project Management correctly matches spend description.,Professional Services,Management Consulting,Change Management,Programme & Project Management,Professional Services > Management Consulting > Change Management > Programme & Project Management
78,"ERM Group – carbon footprint assessment, Scope 1–3",ERM Group,Vendor invoice / PO,Utilities & Energy,Carbon & Environment,Carbon Offsetting,Verified Carbon Offsets (VCS/Gold Standard),Utilities & Energy > Carbon & Environment > Carbon Offsetting > Verified Carbon Offsets (VCS/Gold Standard),MEDIUM,0.3587,0.0393,HYBRID_RERANKING,Utilities & Energy,Carbon & Environment,Carbon Offsetting,Verified Carbon Offsets (VCS/Gold Standard),Utilities & Energy > Carbon & Environment > Carbon Offsetting > Verified Carbon Offsets (VCS/Gold Standard),APPROVED,Domain validation: confirmed Verified Carbon Offsets (VCS/Gold Standard) correctly matches spend description.,Utilities & Energy,Carbon & Environment,Carbon Offsetting,Verified Carbon Offsets (VCS/Gold Standard),Utilities & Energy > Carbon & Environment > Carbon Offsetting > Verified Carbon Offsets (VCS/Gold Standard)
79,"Bureau Veritas – HSE compliance audit, 20 manufacturing sites",Bureau Veritas,Vendor invoice / PO,Finance & Insurance,Compliance & Regulatory,Compliance Technology,AML & KYC Systems,Finance & Insurance > Compliance & Regulatory > Compliance Technology > AML & KYC Systems,LOW,0.3133,0.0064,HUMAN_REVIEW,Professional Services,Finance & Accounting,Audit,Internal Audit,Professional Services > Finance & Accounting > Audit > Internal Audit,CORRECTED,"Bureau Veritas HSE compliance audit across manufacturing sites is operational compliance audit, not AML/KYC.",Professional Services,Finance & Accounting,Audit,Internal Audit,Professional Services > Finance & Accounting > Audit > Internal Audit
80,"Efficio – procurement transformation programme, 6-month engagement",Efficio Consulting,Vendor invoice / PO,Professional Services,Management Consulting,Change Management,Change & Transformation Consulting,Professional Services > Management Consulting > Change Management > Change & Transformation Consulting,LOW,0.3884,0.0207,HUMAN_REVIEW,Professional Services,Management Consulting,Change Management,Change & Transformation Consulting,Professional Services > Management Consulting > Change Management > Change & Transformation Consulting,APPROVED,Efficio procurement transformation programme is change & transformation consulting.,Professional Services,Management Consulting,Change Management,Change & Transformation Consulting,Professional Services > Management Consulting > Change Management > Change & Transformation Consulting
81,Herbert Smith Freehills – employment tribunal defence,Herbert Smith Freehills,Vendor invoice / PO,Professional Services,Legal Services,Employment Law,Employment Litigation,Professional Services > Legal Services > Employment Law > Employment Litigation,MEDIUM,0.3313,0.0418,HYBRID_RERANKING,Professional Services,Legal Services,Employment Law,Employment Litigation,Professional Services > Legal Services > Employment Law > Employment Litigation,APPROVED,Domain validation: confirmed Employment Litigation correctly matches spend description.,Professional Services,Legal Services,Employment Law,Employment Litigation,Professional Services > Legal Services > Employment Law > Employment Litigation
82,"Addleshaw Goddard – property lease renewals, 20 stores",Addleshaw Goddard,Vendor invoice / PO,Facilities & Property,Property & Real Estate,Leasing,Office & Commercial Leasing,Facilities & Property > Property & Real Estate > Leasing > Office & Commercial Leasing,MEDIUM,0.2929,0.0291,HYBRID_RERANKING,Facilities & Property,Property & Real Estate,Leasing,Office & Commercial Leasing,Facilities & Property > Property & Real Estate > Leasing > Office & Commercial Leasing,APPROVED,Domain validation: confirmed Office & Commercial Leasing correctly matches spend description.,Facilities & Property,Property & Real Estate,Leasing,Office & Commercial Leasing,Facilities & Property > Property & Real Estate > Leasing > Office & Commercial Leasing
83,PwC – FY2024 statutory external audit,PricewaterhouseCoopers,Vendor invoice / PO,Professional Services,Finance & Accounting,Audit,External Audit,Professional Services > Finance & Accounting > Audit > External Audit,HIGH,0.5672,0.215,DETERMINISTIC_RULE,Professional Services,Finance & Accounting,Audit,External Audit,Professional Services > Finance & Accounting > Audit > External Audit,APPROVED,Domain validation: confirmed External Audit correctly matches spend description.,Professional Services,Finance & Accounting,Audit,External Audit,Professional Services > Finance & Accounting > Audit > External Audit
84,"Mewburn Ellis – patent registration, 4 formulations, UK + EU",Mewburn Ellis LLP,Vendor invoice / PO,Professional Services,Legal Services,Intellectual Property,Patent Registration & Management,Professional Services > Legal Services > Intellectual Property > Patent Registration & Management,HIGH,0.3709,0.1559,HYBRID_RERANKING,Professional Services,Legal Services,Intellectual Property,Patent Registration & Management,Professional Services > Legal Services > Intellectual Property > Patent Registration & Management,APPROVED,Domain validation: confirmed Patent Registration & Management correctly matches spend description.,Professional Services,Legal Services,Intellectual Property,Patent Registration & Management,Professional Services > Legal Services > Intellectual Property > Patent Registration & Management
85,"Deloitte – R&D tax credits claim, FY2024",Deloitte,Service contract / PO,Professional Services,Finance & Accounting,Tax Advisory,Direct Tax Advisory,Professional Services > Finance & Accounting > Tax Advisory > Direct Tax Advisory,HIGH,0.4009,0.1097,DETERMINISTIC_RULE,Professional Services,Finance & Accounting,Tax Advisory,Direct Tax Advisory,Professional Services > Finance & Accounting > Tax Advisory > Direct Tax Advisory,APPROVED,Domain validation: confirmed Direct Tax Advisory correctly matches spend description.,Professional Services,Finance & Accounting,Tax Advisory,Direct Tax Advisory,Professional Services > Finance & Accounting > Tax Advisory > Direct Tax Advisory
86,"JLL – property portfolio rationalisation advisory, 60 branches",JLL,Service contract / PO,Facilities & Property,Property & Real Estate,Advisory,Real Estate Advisory,Facilities & Property > Property & Real Estate > Advisory > Real Estate Advisory,MEDIUM,0.402,0.0335,HYBRID_RERANKING,Facilities & Property,Property & Real Estate,Advisory,Real Estate Advisory,Facilities & Property > Property & Real Estate > Advisory > Real Estate Advisory,APPROVED,Domain validation: confirmed Real Estate Advisory correctly matches spend description.,Facilities & Property,Property & Real Estate,Advisory,Real Estate Advisory,Facilities & Property > Property & Real Estate > Advisory > Real Estate Advisory
87,"Fjord / Accenture Song – customer journey mapping, UX research",Fjord / Accenture Song,Service contract / PO,Marketing & Communications,Market Intelligence,Research & Insight,Customer Insight Research,Marketing & Communications > Market Intelligence > Research & Insight > Customer Insight Research,MEDIUM,0.3375,0.1172,HYBRID_RERANKING,Marketing & Communications,Market Intelligence,Research & Insight,Customer Insight Research,Marketing & Communications > Market Intelligence > Research & Insight > Customer Insight Research,APPROVED,Domain validation: confirmed Customer Insight Research correctly matches spend description.,Marketing & Communications,Market Intelligence,Research & Insight,Customer Insight Research,Marketing & Communications > Market Intelligence > Research & Insight > Customer Insight Research
88,"Deloitte Corporate Finance – hospital group acquisition, sell-side advisory",Deloitte Corporate Finance,Works order / Agreement,Professional Services,Finance & Accounting,Corporate Finance,Valuations & Fairness Opinions,Professional Services > Finance & Accounting > Corporate Finance > Valuations & Fairness Opinions,LOW,0.448,0.0194,HUMAN_REVIEW,Professional Services,Finance & Accounting,Corporate Finance,M&A Financial Due Diligence,Professional Services > Finance & Accounting > Corporate Finance > M&A Financial Due Diligence,CORRECTED,Deloitte Corporate Finance sell-side advisory on hospital group acquisition is M&A corporate finance advisory.,Professional Services,Finance & Accounting,Corporate Finance,M&A Financial Due Diligence,Professional Services > Finance & Accounting > Corporate Finance > M&A Financial Due Diligence
89,KPMG – FCA section 166 skilled persons review,KPMG,Works order / Agreement,HR & Workforce,Learning & Development,Qualifications & Accreditations,Professional Qualifications,HR & Workforce > Learning & Development > Qualifications & Accreditations > Professional Qualifications,LOW,0.2208,0.0058,HUMAN_REVIEW,Professional Services,Legal Services,Regulatory & Compliance,Regulatory Compliance Advisory,Professional Services > Legal Services > Regulatory & Compliance > Regulatory Compliance Advisory,CORRECTED,"KPMG FCA section 166 skilled persons review is regulatory compliance advisory, not professional qualifications.",Professional Services,Legal Services,Regulatory & Compliance,Regulatory Compliance Advisory,Professional Services > Legal Services > Regulatory & Compliance > Regulatory Compliance Advisory
90,Capgemini Engineering – Industry 4.0 OT/IT advisory + delivery,Capgemini Engineering,Works order / Agreement,IT & Technology,Software,Productivity & Collaboration,Messaging & Comms Platforms,IT & Technology > Software > Productivity & Collaboration > Messaging & Comms Platforms,LOW,0.2692,0.0123,HUMAN_REVIEW,IT & Technology,IT Services,Consulting & Advisory,Digital Transformation Advisory,IT & Technology > IT Services > Consulting & Advisory > Digital Transformation Advisory,CORRECTED,"Capgemini Engineering Industry 4.0 OT/IT advisory is digital transformation consulting, not messaging platforms.",IT & Technology,IT Services,Consulting & Advisory,Digital Transformation Advisory,IT & Technology > IT Services > Consulting & Advisory > Digital Transformation Advisory
91,"Oliver Wyman – IFRS9 ECL model validation, independent review",Oliver Wyman,Programme agreement,Finance & Insurance,Compliance & Regulatory,Compliance Technology,AML & KYC Systems,Finance & Insurance > Compliance & Regulatory > Compliance Technology > AML & KYC Systems,LOW,0.198,0.0133,HUMAN_REVIEW,Professional Services,Finance & Accounting,Actuarial,Actuarial Valuations,Professional Services > Finance & Accounting > Actuarial > Actuarial Valuations,CORRECTED,"Oliver Wyman IFRS9 ECL financial model validation is actuarial/financial risk advisory, not AML & KYC.",Professional Services,Finance & Accounting,Actuarial,Actuarial Valuations,Professional Services > Finance & Accounting > Actuarial > Actuarial Valuations
92,"Arden & GEM CSU – population health analytics, NHS data modelling",Arden & GEM CSU,Programme agreement,Professional Services,Research & Analytics,Data & Analytics Advisory,Benchmarking Studies,Professional Services > Research & Analytics > Data & Analytics Advisory > Benchmarking Studies,LOW,0.3483,0.008,HUMAN_REVIEW,Professional Services,Research & Analytics,Data & Analytics Advisory,Benchmarking Studies,Professional Services > Research & Analytics > Data & Analytics Advisory > Benchmarking Studies,APPROVED,Arden & GEM CSU population health NHS data modelling is analytics advisory/benchmarking.,Professional Services,Research & Analytics,Data & Analytics Advisory,Benchmarking Studies,Professional Services > Research & Analytics > Data & Analytics Advisory > Benchmarking Studies
93,"South Pole Group – TCFD sustainability reporting advisory, annual",South Pole Group,Service contract / PO,Professional Services,Management Consulting,Sustainability,Sustainability & ESG Advisory,Professional Services > Management Consulting > Sustainability > Sustainability & ESG Advisory,LOW,0.355,0.0174,HUMAN_REVIEW,Professional Services,Management Consulting,Sustainability,Sustainability & ESG Advisory,Professional Services > Management Consulting > Sustainability > Sustainability & ESG Advisory,APPROVED,Domain validation: confirmed Sustainability & ESG Advisory correctly matches spend description.,Professional Services,Management Consulting,Sustainability,Sustainability & ESG Advisory,Professional Services > Management Consulting > Sustainability > Sustainability & ESG Advisory
94,"Vistra – company secretarial services, annual filings",Vistra,Vendor invoice / PO,Professional Services,Finance & Accounting,Company Secretarial,Company Secretarial Services,Professional Services > Finance & Accounting > Company Secretarial > Company Secretarial Services,HIGH,0.5242,0.2667,HYBRID_RERANKING,Professional Services,Finance & Accounting,Company Secretarial,Company Secretarial Services,Professional Services > Finance & Accounting > Company Secretarial > Company Secretarial Services,APPROVED,Domain validation: confirmed Company Secretarial Services correctly matches spend description.,Professional Services,Finance & Accounting,Company Secretarial,Company Secretarial Services,Professional Services > Finance & Accounting > Company Secretarial > Company Secretarial Services
95,"Ipsos Mori – customer satisfaction tracker, quarterly",Ipsos Mori,Service contract / PO,Marketing & Communications,Market Intelligence,Research & Insight,Customer Insight Research,Marketing & Communications > Market Intelligence > Research & Insight > Customer Insight Research,MEDIUM,0.2853,0.0737,HYBRID_RERANKING,Marketing & Communications,Market Intelligence,Research & Insight,Customer Insight Research,Marketing & Communications > Market Intelligence > Research & Insight > Customer Insight Research,APPROVED,Domain validation: confirmed Customer Insight Research correctly matches spend description.,Marketing & Communications,Market Intelligence,Research & Insight,Customer Insight Research,Marketing & Communications > Market Intelligence > Research & Insight > Customer Insight Research
96,ThoughtWorks – data strategy roadmap + BI implementation,ThoughtWorks,Works order / Agreement,Professional Services,Research & Analytics,Data & Analytics Advisory,Data Strategy Advisory,Professional Services > Research & Analytics > Data & Analytics Advisory > Data Strategy Advisory,HIGH,0.3774,0.0503,HYBRID_RERANKING,Professional Services,Research & Analytics,Data & Analytics Advisory,Data Strategy Advisory,Professional Services > Research & Analytics > Data & Analytics Advisory > Data Strategy Advisory,APPROVED,Domain validation: confirmed Data Strategy Advisory correctly matches spend description.,Professional Services,Research & Analytics,Data & Analytics Advisory,Data Strategy Advisory,Professional Services > Research & Analytics > Data & Analytics Advisory > Data Strategy Advisory
97,"McKinsey Operations – lean manufacturing, value stream mapping",McKinsey & Company,Vendor invoice / PO,Professional Services,Management Consulting,Operations,Lean & Continuous Improvement,Professional Services > Management Consulting > Operations > Lean & Continuous Improvement,HIGH,0.4486,0.1936,DETERMINISTIC_RULE,Professional Services,Management Consulting,Operations,Lean & Continuous Improvement,Professional Services > Management Consulting > Operations > Lean & Continuous Improvement,APPROVED,Domain validation: confirmed Lean & Continuous Improvement correctly matches spend description.,Professional Services,Management Consulting,Operations,Lean & Continuous Improvement,Professional Services > Management Consulting > Operations > Lean & Continuous Improvement
98,"DLA Piper – GDPR data breach response, ICO liaison",DLA Piper,Service contract / PO,Professional Services,Legal Services,Regulatory & Compliance,Data Protection & GDPR Advisory,Professional Services > Legal Services > Regulatory & Compliance > Data Protection & GDPR Advisory,MEDIUM,0.3518,0.0385,HYBRID_RERANKING,Professional Services,Legal Services,Regulatory & Compliance,Data Protection & GDPR Advisory,Professional Services > Legal Services > Regulatory & Compliance > Data Protection & GDPR Advisory,APPROVED,Domain validation: confirmed Data Protection & GDPR Advisory correctly matches spend description.,Professional Services,Legal Services,Regulatory & Compliance,Data Protection & GDPR Advisory,Professional Services > Legal Services > Regulatory & Compliance > Data Protection & GDPR Advisory
99,"Roland Berger – post-merger integration programme, 18-month PMO",Roland Berger,Works order / Agreement,Marketing & Communications,Creative & Design,Production,Print & Collateral Production,Marketing & Communications > Creative & Design > Production > Print & Collateral Production,LOW,0.2001,0.0016,HUMAN_REVIEW,Professional Services,Management Consulting,Change Management,Programme & Project Management,Professional Services > Management Consulting > Change Management > Programme & Project Management,CORRECTED,"Roland Berger post-merger integration PMO is programme & project management consulting, not print production.",Professional Services,Management Consulting,Change Management,Programme & Project Management,Professional Services > Management Consulting > Change Management > Programme & Project Management
100,"Accenture – digital commerce transformation, advisory + build + run",Accenture,Programme agreement,IT & Technology,IT Services,Consulting & Advisory,Digital Transformation Advisory,IT & Technology > IT Services > Consulting & Advisory > Digital Transformation Advisory,HIGH,0.4982,0.1775,HYBRID_RERANKING,IT & Technology,IT Services,Consulting & Advisory,Digital Transformation Advisory,IT & Technology > IT Services > Consulting & Advisory > Digital Transformation Advisory,APPROVED,Domain validation: confirmed Digital Transformation Advisory correctly matches spend description.,IT & Technology,IT Services,Consulting & Advisory,Digital Transformation Advisory,IT & Technology > IT Services > Consulting & Advisory > Digital Transformation Advisory
101,"KPMG – transfer pricing documentation, OECD BEPS, global",KPMG,Works order / Agreement,Professional Services,Finance & Accounting,Tax Advisory,Transfer Pricing,Professional Services > Finance & Accounting > Tax Advisory > Transfer Pricing,HIGH,0.4429,0.2201,DETERMINISTIC_RULE,Professional Services,Finance & Accounting,Tax Advisory,Transfer Pricing,Professional Services > Finance & Accounting > Tax Advisory > Transfer Pricing,APPROVED,Domain validation: confirmed Transfer Pricing correctly matches spend description.,Professional Services,Finance & Accounting,Tax Advisory,Transfer Pricing,Professional Services > Finance & Accounting > Tax Advisory > Transfer Pricing
102,Mercer – defined benefit pension triennial actuarial valuation,Mercer,Works order / Agreement,Professional Services,Finance & Accounting,Actuarial,Actuarial Valuations,Professional Services > Finance & Accounting > Actuarial > Actuarial Valuations,MEDIUM,0.3383,0.1342,HYBRID_RERANKING,Professional Services,Finance & Accounting,Actuarial,Actuarial Valuations,Professional Services > Finance & Accounting > Actuarial > Actuarial Valuations,APPROVED,Domain validation: confirmed Actuarial Valuations correctly matches spend description.,Professional Services,Finance & Accounting,Actuarial,Actuarial Valuations,Professional Services > Finance & Accounting > Actuarial > Actuarial Valuations
103,"ITV – 30-second TV advertising, Christmas campaign",ITV,Vendor invoice / PO,Marketing & Communications,Advertising,Broadcast Media,TV Advertising,Marketing & Communications > Advertising > Broadcast Media > TV Advertising,HIGH,0.3984,0.0976,HYBRID_RERANKING,Marketing & Communications,Advertising,Broadcast Media,TV Advertising,Marketing & Communications > Advertising > Broadcast Media > TV Advertising,APPROVED,Domain validation: confirmed TV Advertising correctly matches spend description.,Marketing & Communications,Advertising,Broadcast Media,TV Advertising,Marketing & Communications > Advertising > Broadcast Media > TV Advertising
104,"Google Ads – search + shopping, annual digital spend",Google,Vendor invoice / PO,Marketing & Communications,Advertising,Digital Media,Paid Search & PPC,Marketing & Communications > Advertising > Digital Media > Paid Search & PPC,HIGH,0.4067,0.104,HYBRID_RERANKING,Marketing & Communications,Advertising,Digital Media,Paid Search & PPC,Marketing & Communications > Advertising > Digital Media > Paid Search & PPC,APPROVED,Domain validation: confirmed Paid Search & PPC correctly matches spend description.,Marketing & Communications,Advertising,Digital Media,Paid Search & PPC,Marketing & Communications > Advertising > Digital Media > Paid Search & PPC
105,"Edelman – PR agency retainer, monthly, 12-month contract",Edelman PR,Vendor invoice / PO,Marketing & Communications,PR & Communications,Public Relations,PR Agency Retainers,Marketing & Communications > PR & Communications > Public Relations > PR Agency Retainers,HIGH,0.3728,0.1343,HYBRID_RERANKING,Marketing & Communications,PR & Communications,Public Relations,PR Agency Retainers,Marketing & Communications > PR & Communications > Public Relations > PR Agency Retainers,APPROVED,Domain validation: confirmed PR Agency Retainers correctly matches spend description.,Marketing & Communications,PR & Communications,Public Relations,PR Agency Retainers,Marketing & Communications > PR & Communications > Public Relations > PR Agency Retainers
106,"Rankin Studio – product photography, summer range",Rankin Studio,Vendor invoice / PO,Marketing & Communications,Creative & Design,Production,Photography & Video Production,Marketing & Communications > Creative & Design > Production > Photography & Video Production,MEDIUM,0.2871,0.0906,HYBRID_RERANKING,Marketing & Communications,Creative & Design,Production,Photography & Video Production,Marketing & Communications > Creative & Design > Production > Photography & Video Production,APPROVED,Domain validation: confirmed Photography & Video Production correctly matches spend description.,Marketing & Communications,Creative & Design,Production,Photography & Video Production,Marketing & Communications > Creative & Design > Production > Photography & Video Production
107,"Pearlfisher – packaging design, new product range",Pearlfisher,Vendor invoice / PO,Marketing & Communications,Creative & Design,Brand & Identity,Packaging Design,Marketing & Communications > Creative & Design > Brand & Identity > Packaging Design,HIGH,0.3865,0.1732,HYBRID_RERANKING,Marketing & Communications,Creative & Design,Brand & Identity,Packaging Design,Marketing & Communications > Creative & Design > Brand & Identity > Packaging Design,APPROVED,Domain validation: confirmed Packaging Design correctly matches spend description.,Marketing & Communications,Creative & Design,Brand & Identity,Packaging Design,Marketing & Communications > Creative & Design > Brand & Identity > Packaging Design
108,"DS Smith – POS display materials, Q4 seasonal refresh, 400 stores",DS Smith,Service contract / PO,HR & Workforce,Workwear & PPE,Workwear,Uniforms & Branded Clothing,HR & Workforce > Workwear & PPE > Workwear > Uniforms & Branded Clothing,LOW,0.2038,0.0019,HUMAN_REVIEW,Marketing & Communications,Creative & Design,Production,Print & Collateral Production,Marketing & Communications > Creative & Design > Production > Print & Collateral Production,CORRECTED,"DS Smith POS retail display materials is Print & Collateral Production, not workwear uniforms.",Marketing & Communications,Creative & Design,Production,Print & Collateral Production,Marketing & Communications > Creative & Design > Production > Print & Collateral Production
109,"Whalar – TikTok influencer campaign, beauty category",Whalar / TikTok,Service contract / PO,Marketing & Communications,Digital Marketing,Influencer & Social,Influencer Marketing,Marketing & Communications > Digital Marketing > Influencer & Social > Influencer Marketing,MEDIUM,0.3206,0.0532,HYBRID_RERANKING,Marketing & Communications,Digital Marketing,Influencer & Social,Influencer Marketing,Marketing & Communications > Digital Marketing > Influencer & Social > Influencer Marketing,APPROVED,Domain validation: confirmed Influencer Marketing correctly matches spend description.,Marketing & Communications,Digital Marketing,Influencer & Social,Influencer Marketing,Marketing & Communications > Digital Marketing > Influencer & Social > Influencer Marketing
110,Salesforce Marketing Cloud – annual SaaS + implementation,Salesforce,Service contract / PO,Marketing & Communications,Marketing Technology,MarTech Platforms,Marketing Cloud Platforms,Marketing & Communications > Marketing Technology > MarTech Platforms > Marketing Cloud Platforms,HIGH,0.4528,-0.0079,DETERMINISTIC_RULE,Marketing & Communications,Marketing Technology,MarTech Platforms,Marketing Cloud Platforms,Marketing & Communications > Marketing Technology > MarTech Platforms > Marketing Cloud Platforms,APPROVED,Domain validation: confirmed Marketing Cloud Platforms correctly matches spend description.,Marketing & Communications,Marketing Technology,MarTech Platforms,Marketing Cloud Platforms,Marketing & Communications > Marketing Technology > MarTech Platforms > Marketing Cloud Platforms
111,"Clear Channel – 6-sheet OOH poster sites, 200 locations, 4 weeks",Clear Channel,Service contract / PO,Marketing & Communications,Advertising,Out-of-Home,Billboard & Poster Advertising,Marketing & Communications > Advertising > Out-of-Home > Billboard & Poster Advertising,MEDIUM,0.3369,0.029,HYBRID_RERANKING,Marketing & Communications,Advertising,Out-of-Home,Billboard & Poster Advertising,Marketing & Communications > Advertising > Out-of-Home > Billboard & Poster Advertising,APPROVED,Domain validation: confirmed Billboard & Poster Advertising correctly matches spend description.,Marketing & Communications,Advertising,Out-of-Home,Billboard & Poster Advertising,Marketing & Communications > Advertising > Out-of-Home > Billboard & Poster Advertising
112,"George P. Johnson – client conference, 600 delegates",George P. Johnson,Service contract / PO,Marketing & Communications,Events & Sponsorship,Events,Conference & Event Management,Marketing & Communications > Events & Sponsorship > Events > Conference & Event Management,LOW,0.2606,0.0893,HUMAN_REVIEW,Marketing & Communications,Events & Sponsorship,Events,Conference & Event Management,Marketing & Communications > Events & Sponsorship > Events > Conference & Event Management,APPROVED,Domain validation: confirmed Conference & Event Management correctly matches spend description.,Marketing & Communications,Events & Sponsorship,Events,Conference & Event Management,Marketing & Communications > Events & Sponsorship > Events > Conference & Event Management
113,"Eagle Eye – loyalty platform SaaS, Boots Advantage Card technology",Eagle Eye Solutions,Works order / Agreement,IT & Technology,Cloud & SaaS,SaaS,General SaaS Subscriptions,IT & Technology > Cloud & SaaS > SaaS > General SaaS Subscriptions,MEDIUM,0.3515,0.042,HYBRID_RERANKING,Marketing & Communications,Marketing Technology,MarTech Platforms,Loyalty & Rewards Technology,Marketing & Communications > Marketing Technology > MarTech Platforms > Loyalty & Rewards Technology,CORRECTED,"Eagle Eye loyalty platform SaaS is MarTech Loyalty & Rewards Technology, not General SaaS.",Marketing & Communications,Marketing Technology,MarTech Platforms,Loyalty & Rewards Technology,Marketing & Communications > Marketing Technology > MarTech Platforms > Loyalty & Rewards Technology
114,Wolff Olins – global brand identity refresh and brand guidelines,Wolff Olins,Works order / Agreement,Marketing & Communications,Creative & Design,Brand & Identity,Brand Strategy & Design,Marketing & Communications > Creative & Design > Brand & Identity > Brand Strategy & Design,MEDIUM,0.4154,0.0394,HYBRID_RERANKING,Marketing & Communications,Creative & Design,Brand & Identity,Brand Strategy & Design,Marketing & Communications > Creative & Design > Brand & Identity > Brand Strategy & Design,APPROVED,Domain validation: confirmed Brand Strategy & Design correctly matches spend description.,Marketing & Communications,Creative & Design,Brand & Identity,Brand Strategy & Design,Marketing & Communications > Creative & Design > Brand & Identity > Brand Strategy & Design
115,"WTW – employer brand campaign, digital + OOH",Willis Towers Watson,Works order / Agreement,Marketing & Communications,Advertising,Out-of-Home,Digital OOH,Marketing & Communications > Advertising > Out-of-Home > Digital OOH,HIGH,0.371,0.0989,HYBRID_RERANKING,Marketing & Communications,Advertising,Out-of-Home,Digital OOH,Marketing & Communications > Advertising > Out-of-Home > Digital OOH,APPROVED,Domain validation: confirmed Digital OOH correctly matches spend description.,Marketing & Communications,Advertising,Out-of-Home,Digital OOH,Marketing & Communications > Advertising > Out-of-Home > Digital OOH
116,"Geometry Global – shopper marketing, in-store activation, Tesco/Sainsbury's",Geometry Global,Programme agreement,Facilities & Property,Capital Works,Fit-Out & Refurbishment,Retail Store Fit-Out,Facilities & Property > Capital Works > Fit-Out & Refurbishment > Retail Store Fit-Out,LOW,0.2907,0.0179,HUMAN_REVIEW,Marketing & Communications,Creative & Design,Production,Print & Collateral Production,Marketing & Communications > Creative & Design > Production > Print & Collateral Production,CORRECTED,"Geometry Global shopper marketing in-store activation is retail collateral and marketing production, not fit-out.",Marketing & Communications,Creative & Design,Production,Print & Collateral Production,Marketing & Communications > Creative & Design > Production > Print & Collateral Production
117,"Klaviyo – email marketing platform, annual SaaS",Klaviyo,Vendor invoice / PO,Marketing & Communications,Digital Marketing,Email & CRM,Email Marketing Platforms,Marketing & Communications > Digital Marketing > Email & CRM > Email Marketing Platforms,HIGH,0.4498,0.093,HYBRID_RERANKING,Marketing & Communications,Digital Marketing,Email & CRM,Email Marketing Platforms,Marketing & Communications > Digital Marketing > Email & CRM > Email Marketing Platforms,APPROVED,Domain validation: confirmed Email Marketing Platforms correctly matches spend description.,Marketing & Communications,Digital Marketing,Email & CRM,Email Marketing Platforms,Marketing & Communications > Digital Marketing > Email & CRM > Email Marketing Platforms
118,"Ipsos – brand tracking study, quarterly, 6-country programme",Ipsos,Service contract / PO,Marketing & Communications,Creative & Design,Brand & Identity,Brand Strategy & Design,Marketing & Communications > Creative & Design > Brand & Identity > Brand Strategy & Design,LOW,0.2761,0.0217,HUMAN_REVIEW,Marketing & Communications,Market Intelligence,Research & Insight,Customer Insight Research,Marketing & Communications > Market Intelligence > Research & Insight > Customer Insight Research,CORRECTED,"Ipsos multi-country brand tracking study is Market Intelligence Customer Insight Research, not Brand Strategy.",Marketing & Communications,Market Intelligence,Research & Insight,Customer Insight Research,Marketing & Communications > Market Intelligence > Research & Insight > Customer Insight Research
119,"Premier League – shirt sponsorship rights, annual fee",Premier League,Vendor invoice / PO,Marketing & Communications,Events & Sponsorship,Sponsorship,Sports & Entertainment Sponsorship,Marketing & Communications > Events & Sponsorship > Sponsorship > Sports & Entertainment Sponsorship,MEDIUM,0.318,0.0934,HYBRID_RERANKING,Marketing & Communications,Events & Sponsorship,Sponsorship,Sports & Entertainment Sponsorship,Marketing & Communications > Events & Sponsorship > Sponsorship > Sports & Entertainment Sponsorship,APPROVED,Domain validation: confirmed Sports & Entertainment Sponsorship correctly matches spend description.,Marketing & Communications,Events & Sponsorship,Sponsorship,Sports & Entertainment Sponsorship,Marketing & Communications > Events & Sponsorship > Sponsorship > Sports & Entertainment Sponsorship
120,"Hootsuite Enterprise – social media management platform, annual SaaS",Hootsuite,Service contract / PO,Marketing & Communications,Digital Marketing,Influencer & Social,Social Media Management,Marketing & Communications > Digital Marketing > Influencer & Social > Social Media Management,HIGH,0.4226,0.0787,HYBRID_RERANKING,Marketing & Communications,Digital Marketing,Influencer & Social,Social Media Management,Marketing & Communications > Digital Marketing > Influencer & Social > Social Media Management,APPROVED,Domain validation: confirmed Social Media Management correctly matches spend description.,Marketing & Communications,Digital Marketing,Influencer & Social,Social Media Management,Marketing & Communications > Digital Marketing > Influencer & Social > Social Media Management
121,"NHS comms – patient information leaflets, design + print, branded",NHS comms supplier,Works order / Agreement,"Print, Office & Corporate",Print & Managed Print,Managed Print Services,Managed Print Services (MPS),"Print, Office & Corporate > Print & Managed Print > Managed Print Services > Managed Print Services (MPS)",LOW,0.2937,0.0118,HUMAN_REVIEW,"Print, Office & Corporate",Print & Managed Print,Print Production,External Print Production,"Print, Office & Corporate > Print & Managed Print > Print Production > External Print Production",CORRECTED,"NHS patient information leaflets design and print is External Print Production, not Managed Print Services.","Print, Office & Corporate",Print & Managed Print,Print Production,External Print Production,"Print, Office & Corporate > Print & Managed Print > Print Production > External Print Production"
122,FCA financial promotions sign-off – annual compliance agency retainer,FCA compliance agency,Programme agreement,Finance & Insurance,Compliance & Regulatory,Regulatory Fees,FCA / Regulator Annual Fees,Finance & Insurance > Compliance & Regulatory > Regulatory Fees > FCA / Regulator Annual Fees,HIGH,0.4579,0.0736,HYBRID_RERANKING,Finance & Insurance,Compliance & Regulatory,Regulatory Fees,FCA / Regulator Annual Fees,Finance & Insurance > Compliance & Regulatory > Regulatory Fees > FCA / Regulator Annual Fees,APPROVED,Domain validation: confirmed FCA / Regulator Annual Fees correctly matches spend description.,Finance & Insurance,Compliance & Regulatory,Regulatory Fees,FCA / Regulator Annual Fees,Finance & Insurance > Compliance & Regulatory > Regulatory Fees > FCA / Regulator Annual Fees
123,"AIG – Directors & Officers liability insurance, annual renewal",AIG Insurance,Vendor invoice / PO,Finance & Insurance,Insurance,Financial Lines,Directors & Officers Insurance,Finance & Insurance > Insurance > Financial Lines > Directors & Officers Insurance,HIGH,0.52,0.0884,HYBRID_RERANKING,Finance & Insurance,Insurance,Financial Lines,Directors & Officers Insurance,Finance & Insurance > Insurance > Financial Lines > Directors & Officers Insurance,APPROVED,Domain validation: confirmed Directors & Officers Insurance correctly matches spend description.,Finance & Insurance,Insurance,Financial Lines,Directors & Officers Insurance,Finance & Insurance > Insurance > Financial Lines > Directors & Officers Insurance
124,"Euler Hermes – trade credit insurance, annual premium",Euler Hermes / Allianz,Vendor invoice / PO,Finance & Insurance,Insurance,Financial Lines,Credit & Trade Insurance,Finance & Insurance > Insurance > Financial Lines > Credit & Trade Insurance,HIGH,0.4059,0.0549,HYBRID_RERANKING,Finance & Insurance,Insurance,Financial Lines,Credit & Trade Insurance,Finance & Insurance > Insurance > Financial Lines > Credit & Trade Insurance,APPROVED,Domain validation: confirmed Credit & Trade Insurance correctly matches spend description.,Finance & Insurance,Insurance,Financial Lines,Credit & Trade Insurance,Finance & Insurance > Insurance > Financial Lines > Credit & Trade Insurance
125,"Aviva – employer liability insurance, annual renewal",Aviva,Vendor invoice / PO,Finance & Insurance,Insurance,Property & Casualty,Employers Liability Insurance,Finance & Insurance > Insurance > Property & Casualty > Employers Liability Insurance,HIGH,0.3878,0.0573,HYBRID_RERANKING,Finance & Insurance,Insurance,Property & Casualty,Employers Liability Insurance,Finance & Insurance > Insurance > Property & Casualty > Employers Liability Insurance,APPROVED,Domain validation: confirmed Employers Liability Insurance correctly matches spend description.,Finance & Insurance,Insurance,Property & Casualty,Employers Liability Insurance,Finance & Insurance > Insurance > Property & Casualty > Employers Liability Insurance
126,"AXA – commercial property insurance, 400-store estate",AXA Insurance,Vendor invoice / PO,Finance & Insurance,Insurance,Property & Casualty,Commercial Property Insurance,Finance & Insurance > Insurance > Property & Casualty > Commercial Property Insurance,HIGH,0.5369,0.1079,HYBRID_RERANKING,Finance & Insurance,Insurance,Property & Casualty,Commercial Property Insurance,Finance & Insurance > Insurance > Property & Casualty > Commercial Property Insurance,APPROVED,Domain validation: confirmed Commercial Property Insurance correctly matches spend description.,Finance & Insurance,Insurance,Property & Casualty,Commercial Property Insurance,Finance & Insurance > Insurance > Property & Casualty > Commercial Property Insurance
127,"Barclays Treasury – FX forward contracts, 12-month hedge premium",Barclays Treasury,Service contract / PO,Finance & Insurance,Banking & Treasury,Treasury,FX Hedging & Forward Contracts,Finance & Insurance > Banking & Treasury > Treasury > FX Hedging & Forward Contracts,HIGH,0.6029,0.1941,HYBRID_RERANKING,Finance & Insurance,Banking & Treasury,Treasury,FX Hedging & Forward Contracts,Finance & Insurance > Banking & Treasury > Treasury > FX Hedging & Forward Contracts,APPROVED,Domain validation: confirmed FX Hedging & Forward Contracts correctly matches spend description.,Finance & Insurance,Banking & Treasury,Treasury,FX Hedging & Forward Contracts,Finance & Insurance > Banking & Treasury > Treasury > FX Hedging & Forward Contracts
128,"Multiple LAs – business rates, 400-store estate, quarterly",Multiple local authorities,Service contract / PO,Non-Addressable,Statutory Payments,Property Taxes,Business Rates Payments,Non-Addressable > Statutory Payments > Property Taxes > Business Rates Payments,LOW,0.3355,0.0101,HUMAN_REVIEW,Non-Addressable,Statutory Payments,Property Taxes,Business Rates Payments,Non-Addressable > Statutory Payments > Property Taxes > Business Rates Payments,APPROVED,Domain validation: confirmed Business Rates Payments correctly matches spend description.,Non-Addressable,Statutory Payments,Property Taxes,Business Rates Payments,Non-Addressable > Statutory Payments > Property Taxes > Business Rates Payments
129,"FCA – annual authorisation fee, regulated firm",FCA,Service contract / PO,Finance & Insurance,Compliance & Regulatory,Regulatory Fees,FCA / Regulator Annual Fees,Finance & Insurance > Compliance & Regulatory > Regulatory Fees > FCA / Regulator Annual Fees,HIGH,0.504,0.2319,HYBRID_RERANKING,Finance & Insurance,Compliance & Regulatory,Regulatory Fees,FCA / Regulator Annual Fees,Finance & Insurance > Compliance & Regulatory > Regulatory Fees > FCA / Regulator Annual Fees,APPROVED,Domain validation: confirmed FCA / Regulator Annual Fees correctly matches spend description.,Finance & Insurance,Compliance & Regulatory,Regulatory Fees,FCA / Regulator Annual Fees,Finance & Insurance > Compliance & Regulatory > Regulatory Fees > FCA / Regulator Annual Fees
130,"HMRC – Climate Change Levy, quarterly, manufacturing sites",HMRC,Service contract / PO,Finance & Insurance,Taxes & Levies,Environmental Levies,Climate Change Levy,Finance & Insurance > Taxes & Levies > Environmental Levies > Climate Change Levy,LOW,0.4575,0.0144,HUMAN_REVIEW,Finance & Insurance,Taxes & Levies,Environmental Levies,Climate Change Levy,Finance & Insurance > Taxes & Levies > Environmental Levies > Climate Change Levy,APPROVED,Domain validation: confirmed Climate Change Levy correctly matches spend description.,Finance & Insurance,Taxes & Levies,Environmental Levies,Climate Change Levy,Finance & Insurance > Taxes & Levies > Environmental Levies > Climate Change Levy
131,"Zurich Insurance – environmental liability, contaminated land",Zurich Insurance,Works order / Agreement,Finance & Insurance,Insurance,Property & Casualty,Public Liability Insurance,Finance & Insurance > Insurance > Property & Casualty > Public Liability Insurance,LOW,0.4053,0.0111,HUMAN_REVIEW,Finance & Insurance,Insurance,Property & Casualty,Public Liability Insurance,Finance & Insurance > Insurance > Property & Casualty > Public Liability Insurance,APPROVED,Zurich Insurance environmental liability for contaminated land is specialized public liability insurance.,Finance & Insurance,Insurance,Property & Casualty,Public Liability Insurance,Finance & Insurance > Insurance > Property & Casualty > Public Liability Insurance
132,"NICE Actimize – AML platform, annual SaaS + professional services",NICE Actimize,Works order / Agreement,IT & Technology,Cloud & SaaS,SaaS,General SaaS Subscriptions,IT & Technology > Cloud & SaaS > SaaS > General SaaS Subscriptions,MEDIUM,0.3395,0.0261,HYBRID_RERANKING,Finance & Insurance,Compliance & Regulatory,Compliance Technology,AML & KYC Systems,Finance & Insurance > Compliance & Regulatory > Compliance Technology > AML & KYC Systems,CORRECTED,"NICE Actimize anti-money laundering platform is AML & KYC Systems, not General SaaS.",Finance & Insurance,Compliance & Regulatory,Compliance Technology,AML & KYC Systems,Finance & Insurance > Compliance & Regulatory > Compliance Technology > AML & KYC Systems
133,"Barclays / BNP Paribas – sustainability-linked RCF, margin fee",Barclays / BNP Paribas,Programme agreement,Professional Services,Management Consulting,Sustainability,Sustainability & ESG Advisory,Professional Services > Management Consulting > Sustainability > Sustainability & ESG Advisory,LOW,0.3084,0.0226,HUMAN_REVIEW,Finance & Insurance,Banking & Treasury,Banking Services,Banking Fees & Charges,Finance & Insurance > Banking & Treasury > Banking Services > Banking Fees & Charges,CORRECTED,"Barclays/BNP Paribas sustainability-linked revolving credit facility margin fee is Banking Fees & Charges, not ESG consulting.",Finance & Insurance,Banking & Treasury,Banking Services,Banking Fees & Charges,Finance & Insurance > Banking & Treasury > Banking Services > Banking Fees & Charges
134,"Worldpay – card acquiring fees + Visa/MC interchange, monthly",Worldpay / Visa / Mastercard,Programme agreement,Finance & Insurance,Compliance & Regulatory,Regulatory Fees,FCA / Regulator Annual Fees,Finance & Insurance > Compliance & Regulatory > Regulatory Fees > FCA / Regulator Annual Fees,LOW,0.2719,0.019,HUMAN_REVIEW,Finance & Insurance,Banking & Treasury,Banking Services,Banking Fees & Charges,Finance & Insurance > Banking & Treasury > Banking Services > Banking Fees & Charges,CORRECTED,"Worldpay card acquiring fees and Visa/Mastercard interchange are Banking Fees & Charges, not regulator fees.",Finance & Insurance,Banking & Treasury,Banking Services,Banking Fees & Charges,Finance & Insurance > Banking & Treasury > Banking Services > Banking Fees & Charges
135,"DHL Supply Chain – outbound pallets, next-day network, 2,000/week",DHL Supply Chain,Vendor invoice / PO,Logistics & Supply Chain,Courier & Parcel,Last Mile,Last Mile & Home Delivery,Logistics & Supply Chain > Courier & Parcel > Last Mile > Last Mile & Home Delivery,LOW,0.3885,0.0093,HUMAN_REVIEW,Logistics & Supply Chain,Freight & Transport,Road Freight,Domestic Road Freight,Logistics & Supply Chain > Freight & Transport > Road Freight > Domestic Road Freight,CORRECTED,"DHL Supply Chain pallet distribution network is Domestic Road Freight, not parcel last-mile delivery.",Logistics & Supply Chain,Freight & Transport,Road Freight,Domestic Road Freight,Logistics & Supply Chain > Freight & Transport > Road Freight > Domestic Road Freight
136,"XPO Logistics – ambient 3PL warehousing, 40,000 sq ft, 12-month",XPO Logistics,Vendor invoice / PO,Logistics & Supply Chain,Warehousing & Storage,Third-Party Warehousing,Ambient Warehousing,Logistics & Supply Chain > Warehousing & Storage > Third-Party Warehousing > Ambient Warehousing,HIGH,0.5868,0.1204,HYBRID_RERANKING,Logistics & Supply Chain,Warehousing & Storage,Third-Party Warehousing,Ambient Warehousing,Logistics & Supply Chain > Warehousing & Storage > Third-Party Warehousing > Ambient Warehousing,APPROVED,Domain validation: confirmed Ambient Warehousing correctly matches spend description.,Logistics & Supply Chain,Warehousing & Storage,Third-Party Warehousing,Ambient Warehousing,Logistics & Supply Chain > Warehousing & Storage > Third-Party Warehousing > Ambient Warehousing
137,"Maersk – 40ft containers, Shanghai to Felixstowe, 8 shipments",Maersk,Vendor invoice / PO,Logistics & Supply Chain,Freight & Transport,Sea Freight,Container Shipping,Logistics & Supply Chain > Freight & Transport > Sea Freight > Container Shipping,LOW,0.2621,0.0335,HUMAN_REVIEW,Logistics & Supply Chain,Freight & Transport,Sea Freight,Container Shipping,Logistics & Supply Chain > Freight & Transport > Sea Freight > Container Shipping,APPROVED,Domain validation: confirmed Container Shipping correctly matches spend description.,Logistics & Supply Chain,Freight & Transport,Sea Freight,Container Shipping,Logistics & Supply Chain > Freight & Transport > Sea Freight > Container Shipping
138,"Evri – e-commerce returns, 15,000 units/month",Evri / Hermes,Vendor invoice / PO,Logistics & Supply Chain,Courier & Parcel,Returns,Returns Processing & Reverse Logistics,Logistics & Supply Chain > Courier & Parcel > Returns > Returns Processing & Reverse Logistics,MEDIUM,0.3018,0.0949,HYBRID_RERANKING,Logistics & Supply Chain,Courier & Parcel,Returns,Returns Processing & Reverse Logistics,Logistics & Supply Chain > Courier & Parcel > Returns > Returns Processing & Reverse Logistics,APPROVED,Domain validation: confirmed Returns Processing & Reverse Logistics correctly matches spend description.,Logistics & Supply Chain,Courier & Parcel,Returns,Returns Processing & Reverse Logistics,Logistics & Supply Chain > Courier & Parcel > Returns > Returns Processing & Reverse Logistics
139,"CitySprint – urgent clinical sample courier, 24/7, London hospitals",CitySprint,Vendor invoice / PO,Logistics & Supply Chain,Courier & Parcel,Express Courier,International Express Courier,Logistics & Supply Chain > Courier & Parcel > Express Courier > International Express Courier,MEDIUM,0.3,0.0311,HYBRID_RERANKING,Logistics & Supply Chain,Courier & Parcel,Express Courier,International Express Courier,Logistics & Supply Chain > Courier & Parcel > Express Courier > International Express Courier,APPROVED,Domain validation: confirmed International Express Courier correctly matches spend description.,Logistics & Supply Chain,Courier & Parcel,Express Courier,International Express Courier,Logistics & Supply Chain > Courier & Parcel > Express Courier > International Express Courier
140,"CHEP – pallet pooling, annual usage charge",CHEP,Vendor invoice / PO,Logistics & Supply Chain,Warehousing & Storage,Pallet & Unit Management,Pallet Pooling Services,Logistics & Supply Chain > Warehousing & Storage > Pallet & Unit Management > Pallet Pooling Services,HIGH,0.4963,0.3054,HYBRID_RERANKING,Logistics & Supply Chain,Warehousing & Storage,Pallet & Unit Management,Pallet Pooling Services,Logistics & Supply Chain > Warehousing & Storage > Pallet & Unit Management > Pallet Pooling Services,APPROVED,Domain validation: confirmed Pallet Pooling Services correctly matches spend description.,Logistics & Supply Chain,Warehousing & Storage,Pallet & Unit Management,Pallet Pooling Services,Logistics & Supply Chain > Warehousing & Storage > Pallet & Unit Management > Pallet Pooling Services
141,"BP fleet fuel card – diesel, HGV fleet, monthly reconciliation",BP Fleet,Vendor invoice / PO,Logistics & Supply Chain,Fleet Management,Fleet Operations,Fleet Fuel,Logistics & Supply Chain > Fleet Management > Fleet Operations > Fleet Fuel,HIGH,0.5648,0.1052,HYBRID_RERANKING,Logistics & Supply Chain,Fleet Management,Fleet Operations,Fleet Fuel,Logistics & Supply Chain > Fleet Management > Fleet Operations > Fleet Fuel,APPROVED,Domain validation: confirmed Fleet Fuel correctly matches spend description.,Logistics & Supply Chain,Fleet Management,Fleet Operations,Fleet Fuel,Logistics & Supply Chain > Fleet Management > Fleet Operations > Fleet Fuel
142,"Clipper Logistics – e-commerce returns processing, 20,000 units/month",Clipper Logistics,Vendor invoice / PO,Logistics & Supply Chain,Courier & Parcel,Returns,Returns Processing & Reverse Logistics,Logistics & Supply Chain > Courier & Parcel > Returns > Returns Processing & Reverse Logistics,HIGH,0.5267,0.1957,HYBRID_RERANKING,Logistics & Supply Chain,Courier & Parcel,Returns,Returns Processing & Reverse Logistics,Logistics & Supply Chain > Courier & Parcel > Returns > Returns Processing & Reverse Logistics,APPROVED,Domain validation: confirmed Returns Processing & Reverse Logistics correctly matches spend description.,Logistics & Supply Chain,Courier & Parcel,Returns,Returns Processing & Reverse Logistics,Logistics & Supply Chain > Courier & Parcel > Returns > Returns Processing & Reverse Logistics
143,"Lineage Logistics – chilled cold chain, 200 retail drops/week",Lineage Logistics,Service contract / PO,Logistics & Supply Chain,Courier & Parcel,Returns,Returns Processing & Reverse Logistics,Logistics & Supply Chain > Courier & Parcel > Returns > Returns Processing & Reverse Logistics,LOW,0.4186,0.0061,HUMAN_REVIEW,Logistics & Supply Chain,Warehousing & Storage,Third-Party Warehousing,Temperature-Controlled Warehousing,Logistics & Supply Chain > Warehousing & Storage > Third-Party Warehousing > Temperature-Controlled Warehousing,CORRECTED,"Lineage Logistics chilled cold chain retail distribution is Temperature-Controlled Warehousing, not returns processing.",Logistics & Supply Chain,Warehousing & Storage,Third-Party Warehousing,Temperature-Controlled Warehousing,Logistics & Supply Chain > Warehousing & Storage > Third-Party Warehousing > Temperature-Controlled Warehousing
144,"Kuehne+Nagel – inbound air freight, components from Vietnam",Kuehne+Nagel,Service contract / PO,Logistics & Supply Chain,Freight & Transport,Air Freight,Air Freight Services,Logistics & Supply Chain > Freight & Transport > Air Freight > Air Freight Services,MEDIUM,0.3843,0.1056,HYBRID_RERANKING,Logistics & Supply Chain,Freight & Transport,Air Freight,Air Freight Services,Logistics & Supply Chain > Freight & Transport > Air Freight > Air Freight Services,APPROVED,Domain validation: confirmed Air Freight Services correctly matches spend description.,Logistics & Supply Chain,Freight & Transport,Air Freight,Air Freight Services,Logistics & Supply Chain > Freight & Transport > Air Freight > Air Freight Services
145,"DB Schenker – EU/UK customs brokerage, post-Brexit",DB Schenker,Service contract / PO,Logistics & Supply Chain,Customs & Trade,Customs Brokerage,Import & Export Brokerage,Logistics & Supply Chain > Customs & Trade > Customs Brokerage > Import & Export Brokerage,MEDIUM,0.4449,0.0289,HYBRID_RERANKING,Logistics & Supply Chain,Customs & Trade,Customs Brokerage,Import & Export Brokerage,Logistics & Supply Chain > Customs & Trade > Customs Brokerage > Import & Export Brokerage,APPROVED,Domain validation: confirmed Import & Export Brokerage correctly matches spend description.,Logistics & Supply Chain,Customs & Trade,Customs Brokerage,Import & Export Brokerage,Logistics & Supply Chain > Customs & Trade > Customs Brokerage > Import & Export Brokerage
146,"Paragon FMD – route optimisation SaaS, annual licence",Paragon FMD,Service contract / PO,IT & Technology,Cloud & SaaS,IaaS,Cloud Compute,IT & Technology > Cloud & SaaS > IaaS > Cloud Compute,LOW,0.3126,0.0243,HUMAN_REVIEW,Logistics & Supply Chain,Fleet Management,Fleet Technology,Telematics & Route Planning,Logistics & Supply Chain > Fleet Management > Fleet Technology > Telematics & Route Planning,CORRECTED,"Paragon route optimisation software is Fleet Technology Telematics & Route Planning, not IaaS Cloud Compute.",Logistics & Supply Chain,Fleet Management,Fleet Technology,Telematics & Route Planning,Logistics & Supply Chain > Fleet Management > Fleet Technology > Telematics & Route Planning
147,"Toyota Material Handling – forklift fleet, 40-unit operating lease, 5yr",Toyota Material Handling,Service contract / PO,Logistics & Supply Chain,Fleet Management,Fleet Operations,Fleet Maintenance & Servicing,Logistics & Supply Chain > Fleet Management > Fleet Operations > Fleet Maintenance & Servicing,LOW,0.3131,0.0053,HUMAN_REVIEW,MRO & Engineering,Engineering Services,Equipment Hire,Plant & Heavy Equipment Hire,MRO & Engineering > Engineering Services > Equipment Hire > Plant & Heavy Equipment Hire,CORRECTED,"Toyota Material Handling 40-unit forklift fleet operating lease is Plant & Heavy Equipment Hire, not fleet servicing.",MRO & Engineering,Engineering Services,Equipment Hire,Plant & Heavy Equipment Hire,MRO & Engineering > Engineering Services > Equipment Hire > Plant & Heavy Equipment Hire
148,"Renault Trucks – HGV fleet servicing, 40 trucks, annual schedule",Renault Trucks,Service contract / PO,Logistics & Supply Chain,Fleet Management,Fleet Operations,Fleet Maintenance & Servicing,Logistics & Supply Chain > Fleet Management > Fleet Operations > Fleet Maintenance & Servicing,MEDIUM,0.4041,0.0485,HYBRID_RERANKING,Logistics & Supply Chain,Fleet Management,Fleet Operations,Fleet Maintenance & Servicing,Logistics & Supply Chain > Fleet Management > Fleet Operations > Fleet Maintenance & Servicing,APPROVED,Domain validation: confirmed Fleet Maintenance & Servicing correctly matches spend description.,Logistics & Supply Chain,Fleet Management,Fleet Operations,Fleet Maintenance & Servicing,Logistics & Supply Chain > Fleet Management > Fleet Operations > Fleet Maintenance & Servicing
149,"DFDS – port storage/demurrage charges, overstay 21 days",DFDS,Works order / Agreement,Non-Addressable,Intercompany,Intercompany Recharges,Internal Management Charges,Non-Addressable > Intercompany > Intercompany Recharges > Internal Management Charges,LOW,0.2139,0.0041,HUMAN_REVIEW,Logistics & Supply Chain,Freight & Transport,Sea Freight,Freight Forwarding,Logistics & Supply Chain > Freight & Transport > Sea Freight > Freight Forwarding,CORRECTED,"DFDS port demurrage and container storage overstay is Sea Freight / Freight Forwarding port costs, not intercompany charges.",Logistics & Supply Chain,Freight & Transport,Sea Freight,Freight Forwarding,Logistics & Supply Chain > Freight & Transport > Sea Freight > Freight Forwarding
151,"World Courier – pharmaceutical cold chain, 2–8°C, hospital to patient",World Courier,Works order / Agreement,Logistics & Supply Chain,Courier & Parcel,Express Courier,International Express Courier,Logistics & Supply Chain > Courier & Parcel > Express Courier > International Express Courier,MEDIUM,0.4333,0.0443,HYBRID_RERANKING,Logistics & Supply Chain,Courier & Parcel,Express Courier,International Express Courier,Logistics & Supply Chain > Courier & Parcel > Express Courier > International Express Courier,APPROVED,Domain validation: confirmed International Express Courier correctly matches spend description.,Logistics & Supply Chain,Courier & Parcel,Express Courier,International Express Courier,Logistics & Supply Chain > Courier & Parcel > Express Courier > International Express Courier
153,"Ceva Logistics – bonded warehousing, duty-suspended stock, 6 months",Ceva Logistics,Service contract / PO,Logistics & Supply Chain,Warehousing & Storage,Third-Party Warehousing,Bonded Warehousing,Logistics & Supply Chain > Warehousing & Storage > Third-Party Warehousing > Bonded Warehousing,HIGH,0.5347,0.1151,HYBRID_RERANKING,Logistics & Supply Chain,Warehousing & Storage,Third-Party Warehousing,Bonded Warehousing,Logistics & Supply Chain > Warehousing & Storage > Third-Party Warehousing > Bonded Warehousing,APPROVED,Domain validation: confirmed Bonded Warehousing correctly matches spend description.,Logistics & Supply Chain,Warehousing & Storage,Third-Party Warehousing,Bonded Warehousing,Logistics & Supply Chain > Warehousing & Storage > Third-Party Warehousing > Bonded Warehousing
154,"E.ON – electricity supply, 400 stores, monthly billing",E.ON,Vendor invoice / PO,Utilities & Energy,Energy Supply,Electricity,Grid Electricity Supply,Utilities & Energy > Energy Supply > Electricity > Grid Electricity Supply,HIGH,0.4494,0.0769,HYBRID_RERANKING,Utilities & Energy,Energy Supply,Electricity,Grid Electricity Supply,Utilities & Energy > Energy Supply > Electricity > Grid Electricity Supply,APPROVED,Domain validation: confirmed Grid Electricity Supply correctly matches spend description.,Utilities & Energy,Energy Supply,Electricity,Grid Electricity Supply,Utilities & Energy > Energy Supply > Electricity > Grid Electricity Supply
155,"Centrica – natural gas, 3 manufacturing sites, quarterly",Centrica,Vendor invoice / PO,Utilities & Energy,Energy Supply,Natural Gas,Gas Supply - Commercial,Utilities & Energy > Energy Supply > Natural Gas > Gas Supply - Commercial,HIGH,0.4717,0.0546,HYBRID_RERANKING,Utilities & Energy,Energy Supply,Natural Gas,Gas Supply - Commercial,Utilities & Energy > Energy Supply > Natural Gas > Gas Supply - Commercial,APPROVED,Domain validation: confirmed Gas Supply - Commercial correctly matches spend description.,Utilities & Energy,Energy Supply,Natural Gas,Gas Supply - Commercial,Utilities & Energy > Energy Supply > Natural Gas > Gas Supply - Commercial
156,"Thames Water – water and sewerage, hospital estate, quarterly",Thames Water,Vendor invoice / PO,Utilities & Energy,Energy Supply,Water,Water Supply & Sewerage,Utilities & Energy > Energy Supply > Water > Water Supply & Sewerage,HIGH,0.4801,0.1,HYBRID_RERANKING,Utilities & Energy,Energy Supply,Water,Water Supply & Sewerage,Utilities & Energy > Energy Supply > Water > Water Supply & Sewerage,APPROVED,Domain validation: confirmed Water Supply & Sewerage correctly matches spend description.,Utilities & Energy,Energy Supply,Water,Water Supply & Sewerage,Utilities & Energy > Energy Supply > Water > Water Supply & Sewerage
157,"Signify – LED lighting upgrade, factory, energy efficiency capex",Signify / Philips,Vendor invoice / PO,Utilities & Energy,Energy Efficiency & Renewables,Energy Efficiency,LED Lighting Upgrades,Utilities & Energy > Energy Efficiency & Renewables > Energy Efficiency > LED Lighting Upgrades,HIGH,0.5573,0.2179,HYBRID_RERANKING,Utilities & Energy,Energy Efficiency & Renewables,Energy Efficiency,LED Lighting Upgrades,Utilities & Energy > Energy Efficiency & Renewables > Energy Efficiency > LED Lighting Upgrades,APPROVED,Domain validation: confirmed LED Lighting Upgrades correctly matches spend description.,Utilities & Energy,Energy Efficiency & Renewables,Energy Efficiency,LED Lighting Upgrades,Utilities & Energy > Energy Efficiency & Renewables > Energy Efficiency > LED Lighting Upgrades
158,"TotalEnergies – gas supply, HQ and 3 DCs, annual fixed price",TotalEnergies,Vendor invoice / PO,Utilities & Energy,Energy Supply,Natural Gas,Gas Supply - Commercial,Utilities & Energy > Energy Supply > Natural Gas > Gas Supply - Commercial,HIGH,0.4591,0.0719,HYBRID_RERANKING,Utilities & Energy,Energy Supply,Natural Gas,Gas Supply - Commercial,Utilities & Energy > Energy Supply > Natural Gas > Gas Supply - Commercial,APPROVED,Domain validation: confirmed Gas Supply - Commercial correctly matches spend description.,Utilities & Energy,Energy Supply,Natural Gas,Gas Supply - Commercial,Utilities & Energy > Energy Supply > Natural Gas > Gas Supply - Commercial
159,"Inenco – energy broker, contract renegotiation fee",Inenco Group,Service contract / PO,Utilities & Energy,Energy Management,Energy Procurement,Energy Broker & Procurement Advisory,Utilities & Energy > Energy Management > Energy Procurement > Energy Broker & Procurement Advisory,HIGH,0.3747,0.1404,HYBRID_RERANKING,Utilities & Energy,Energy Management,Energy Procurement,Energy Broker & Procurement Advisory,Utilities & Energy > Energy Management > Energy Procurement > Energy Broker & Procurement Advisory,APPROVED,Domain validation: confirmed Energy Broker & Procurement Advisory correctly matches spend description.,Utilities & Energy,Energy Management,Energy Procurement,Energy Broker & Procurement Advisory,Utilities & Energy > Energy Management > Energy Procurement > Energy Broker & Procurement Advisory
160,"Verra – carbon offset credits, VCS-verified, 20,000 tonnes",Verra / Gold Standard,Service contract / PO,Utilities & Energy,Carbon & Environment,Carbon Offsetting,Verified Carbon Offsets (VCS/Gold Standard),Utilities & Energy > Carbon & Environment > Carbon Offsetting > Verified Carbon Offsets (VCS/Gold Standard),HIGH,0.5116,0.2261,HYBRID_RERANKING,Utilities & Energy,Carbon & Environment,Carbon Offsetting,Verified Carbon Offsets (VCS/Gold Standard),Utilities & Energy > Carbon & Environment > Carbon Offsetting > Verified Carbon Offsets (VCS/Gold Standard),APPROVED,Domain validation: confirmed Verified Carbon Offsets (VCS/Gold Standard) correctly matches spend description.,Utilities & Energy,Carbon & Environment,Carbon Offsetting,Verified Carbon Offsets (VCS/Gold Standard),Utilities & Energy > Carbon & Environment > Carbon Offsetting > Verified Carbon Offsets (VCS/Gold Standard)
161,"Pod Point – EV charging installation, 50 bays, 20 stores",Pod Point,Service contract / PO,Utilities & Energy,Carbon & Environment,EV Infrastructure,EV Charging Point Installation,Utilities & Energy > Carbon & Environment > EV Infrastructure > EV Charging Point Installation,HIGH,0.4633,0.1675,HYBRID_RERANKING,Utilities & Energy,Carbon & Environment,EV Infrastructure,EV Charging Point Installation,Utilities & Energy > Carbon & Environment > EV Infrastructure > EV Charging Point Installation,APPROVED,Domain validation: confirmed EV Charging Point Installation correctly matches spend description.,Utilities & Energy,Carbon & Environment,EV Infrastructure,EV Charging Point Installation,Utilities & Energy > Carbon & Environment > EV Infrastructure > EV Charging Point Installation
162,"Siemens Building Technologies – BMS upgrade, 30 stores",Siemens Building Tech.,Service contract / PO,Facilities & Property,Hard FM,Building Fabric,Roofing & Structural Repairs,Facilities & Property > Hard FM > Building Fabric > Roofing & Structural Repairs,MEDIUM,0.3492,0.0714,HYBRID_RERANKING,Utilities & Energy,Energy Efficiency & Renewables,Energy Efficiency,Building Energy Management Systems,Utilities & Energy > Energy Efficiency & Renewables > Energy Efficiency > Building Energy Management Systems,CORRECTED,"Siemens Building Technologies BMS upgrade across 30 stores is Building Energy Management Systems, not roofing repairs.",Utilities & Energy,Energy Efficiency & Renewables,Energy Efficiency,Building Energy Management Systems,Utilities & Energy > Energy Efficiency & Renewables > Energy Efficiency > Building Energy Management Systems
163,"Ofgem REGOs – renewable energy guarantees of origin, 100GWh annual",Ofgem / REGO issuer,Service contract / PO,Utilities & Energy,Carbon & Environment,Carbon Offsetting,Renewable Energy Certificates (REGO/GoO),Utilities & Energy > Carbon & Environment > Carbon Offsetting > Renewable Energy Certificates (REGO/GoO),HIGH,0.4019,0.103,HYBRID_RERANKING,Utilities & Energy,Carbon & Environment,Carbon Offsetting,Renewable Energy Certificates (REGO/GoO),Utilities & Energy > Carbon & Environment > Carbon Offsetting > Renewable Energy Certificates (REGO/GoO),APPROVED,Domain validation: confirmed Renewable Energy Certificates (REGO/GoO) correctly matches spend description.,Utilities & Energy,Carbon & Environment,Carbon Offsetting,Renewable Energy Certificates (REGO/GoO),Utilities & Energy > Carbon & Environment > Carbon Offsetting > Renewable Energy Certificates (REGO/GoO)
164,"Clarke Energy – CHP plant, 10yr operation & maintenance contract",Clarke Energy,Works order / Agreement,Utilities & Energy,Energy Efficiency & Renewables,Renewable Generation,Wind & CHP On-Site Generation,Utilities & Energy > Energy Efficiency & Renewables > Renewable Generation > Wind & CHP On-Site Generation,MEDIUM,0.3571,0.0295,HYBRID_RERANKING,Utilities & Energy,Energy Efficiency & Renewables,Renewable Generation,Wind & CHP On-Site Generation,Utilities & Energy > Energy Efficiency & Renewables > Renewable Generation > Wind & CHP On-Site Generation,APPROVED,Domain validation: confirmed Wind & CHP On-Site Generation correctly matches spend description.,Utilities & Energy,Energy Efficiency & Renewables,Renewable Generation,Wind & CHP On-Site Generation,Utilities & Energy > Energy Efficiency & Renewables > Renewable Generation > Wind & CHP On-Site Generation
165,"Ørsted – 15yr offshore wind PPA, fixed-price contract",Ørsted / DONG,Works order / Agreement,Utilities & Energy,Energy Management,Energy Procurement,Power Purchase Agreements (PPA),Utilities & Energy > Energy Management > Energy Procurement > Power Purchase Agreements (PPA),MEDIUM,0.2932,0.0478,HYBRID_RERANKING,Utilities & Energy,Energy Management,Energy Procurement,Power Purchase Agreements (PPA),Utilities & Energy > Energy Management > Energy Procurement > Power Purchase Agreements (PPA),APPROVED,Domain validation: confirmed Power Purchase Agreements (PPA) correctly matches spend description.,Utilities & Energy,Energy Management,Energy Procurement,Power Purchase Agreements (PPA),Utilities & Energy > Energy Management > Energy Procurement > Power Purchase Agreements (PPA)
166,"Air Products – liquid nitrogen, oxygen, argon, monthly supply",Air Products,Works order / Agreement,Logistics & Supply Chain,Freight & Transport,Air Freight,Air Freight Services,Logistics & Supply Chain > Freight & Transport > Air Freight > Air Freight Services,LOW,0.3378,0.0073,HUMAN_REVIEW,MRO & Engineering,MRO Consumables,Lubrication & Chemicals,Cleaning & Chemical Products,MRO & Engineering > MRO Consumables > Lubrication & Chemicals > Cleaning & Chemical Products,CORRECTED,"Air Products liquid nitrogen, oxygen, argon supply is industrial gases / chemicals, not Air Freight.",MRO & Engineering,MRO Consumables,Lubrication & Chemicals,Cleaning & Chemical Products,MRO & Engineering > MRO Consumables > Lubrication & Chemicals > Cleaning & Chemical Products
167,"Schneider Electric – energy-as-a-service, 10yr zero-capex contract",Schneider Electric,Programme agreement,Utilities & Energy,Energy Management,Energy Procurement,Energy Broker & Procurement Advisory,Utilities & Energy > Energy Management > Energy Procurement > Energy Broker & Procurement Advisory,LOW,0.2766,0.0056,HUMAN_REVIEW,Utilities & Energy,Energy Efficiency & Renewables,Energy Efficiency,Building Energy Management Systems,Utilities & Energy > Energy Efficiency & Renewables > Energy Efficiency > Building Energy Management Systems,CORRECTED,"Schneider Electric energy-as-a-service 10yr contract is Building Energy Management Systems, not energy broker.",Utilities & Energy,Energy Efficiency & Renewables,Energy Efficiency,Building Energy Management Systems,Utilities & Energy > Energy Efficiency & Renewables > Energy Efficiency > Building Energy Management Systems
168,"Fuchs Lubricants – industrial lubricants and hydraulic fluid, monthly",Fuchs Lubricants,Vendor invoice / PO,MRO & Engineering,MRO Consumables,Lubrication & Chemicals,Industrial Lubricants & Oils,MRO & Engineering > MRO Consumables > Lubrication & Chemicals > Industrial Lubricants & Oils,HIGH,0.4564,0.1542,HYBRID_RERANKING,MRO & Engineering,MRO Consumables,Lubrication & Chemicals,Industrial Lubricants & Oils,MRO & Engineering > MRO Consumables > Lubrication & Chemicals > Industrial Lubricants & Oils,APPROVED,Domain validation: confirmed Industrial Lubricants & Oils correctly matches spend description.,MRO & Engineering,MRO Consumables,Lubrication & Chemicals,Industrial Lubricants & Oils,MRO & Engineering > MRO Consumables > Lubrication & Chemicals > Industrial Lubricants & Oils
169,"RS Components – PPE, gloves, boots, helmets, high-vis, Q3 reorder",RS Components / 3M,Vendor invoice / PO,HR & Workforce,Workwear & PPE,PPE,"Safety PPE (Helmets, Gloves, Boots)","HR & Workforce > Workwear & PPE > PPE > Safety PPE (Helmets, Gloves, Boots)",HIGH,0.5344,0.1775,HYBRID_RERANKING,HR & Workforce,Workwear & PPE,PPE,"Safety PPE (Helmets, Gloves, Boots)","HR & Workforce > Workwear & PPE > PPE > Safety PPE (Helmets, Gloves, Boots)",APPROVED,"Domain validation: confirmed Safety PPE (Helmets, Gloves, Boots) correctly matches spend description.",HR & Workforce,Workwear & PPE,PPE,"Safety PPE (Helmets, Gloves, Boots)","HR & Workforce > Workwear & PPE > PPE > Safety PPE (Helmets, Gloves, Boots)"
170,"Atlas Copco – air compressor, 5yr preventive maintenance contract",Atlas Copco,Vendor invoice / PO,MRO & Engineering,"Maintenance, Repair & Overhaul",Mechanical Maintenance,Scheduled Preventive Maintenance,"MRO & Engineering > Maintenance, Repair & Overhaul > Mechanical Maintenance > Scheduled Preventive Maintenance",MEDIUM,0.308,0.0452,HYBRID_RERANKING,MRO & Engineering,"Maintenance, Repair & Overhaul",Mechanical Maintenance,Scheduled Preventive Maintenance,"MRO & Engineering > Maintenance, Repair & Overhaul > Mechanical Maintenance > Scheduled Preventive Maintenance",APPROVED,Domain validation: confirmed Scheduled Preventive Maintenance correctly matches spend description.,MRO & Engineering,"Maintenance, Repair & Overhaul",Mechanical Maintenance,Scheduled Preventive Maintenance,"MRO & Engineering > Maintenance, Repair & Overhaul > Mechanical Maintenance > Scheduled Preventive Maintenance"
171,"Fenner Drives – conveyor belt replacement, production line 3",Fenner Drives,Vendor invoice / PO,MRO & Engineering,Spare Parts & Components,Electrical Parts,Motors & Drives,MRO & Engineering > Spare Parts & Components > Electrical Parts > Motors & Drives,MEDIUM,0.3292,0.0578,HYBRID_RERANKING,MRO & Engineering,Spare Parts & Components,Mechanical Parts,"Belts, Chains & Couplings","MRO & Engineering > Spare Parts & Components > Mechanical Parts > Belts, Chains & Couplings",CORRECTED,"Fenner Drives conveyor belt replacement on production line is Belts, Chains & Couplings, not Motors & Drives.",MRO & Engineering,Spare Parts & Components,Mechanical Parts,"Belts, Chains & Couplings","MRO & Engineering > Spare Parts & Components > Mechanical Parts > Belts, Chains & Couplings"
172,"Foster Refrigeration – refrigeration PM, 200 cabinets, 80 stores",Foster Refrigeration,Vendor invoice / PO,Facilities & Property,Hard FM,Mechanical & Electrical,HVAC Maintenance,Facilities & Property > Hard FM > Mechanical & Electrical > HVAC Maintenance,LOW,0.2365,0.0175,HUMAN_REVIEW,Facilities & Property,Hard FM,Mechanical & Electrical,HVAC Maintenance,Facilities & Property > Hard FM > Mechanical & Electrical > HVAC Maintenance,APPROVED,Foster Refrigeration commercial refrigeration preventive maintenance is HVAC/refrigeration maintenance.,Facilities & Property,Hard FM,Mechanical & Electrical,HVAC Maintenance,Facilities & Property > Hard FM > Mechanical & Electrical > HVAC Maintenance
173,"Condition monitoring firm – thermographic survey, electrical switchgear",Condition monitoring specialist,Service contract / PO,MRO & Engineering,"Maintenance, Repair & Overhaul",Instrumentation,Condition Monitoring,"MRO & Engineering > Maintenance, Repair & Overhaul > Instrumentation > Condition Monitoring",HIGH,0.4319,0.1197,HYBRID_RERANKING,MRO & Engineering,"Maintenance, Repair & Overhaul",Instrumentation,Condition Monitoring,"MRO & Engineering > Maintenance, Repair & Overhaul > Instrumentation > Condition Monitoring",APPROVED,Domain validation: confirmed Condition Monitoring correctly matches spend description.,MRO & Engineering,"Maintenance, Repair & Overhaul",Instrumentation,Condition Monitoring,"MRO & Engineering > Maintenance, Repair & Overhaul > Instrumentation > Condition Monitoring"
174,"Triathlon Battery – fork truck battery packs, 8-unit replacement",Triathlon Battery Systems,Service contract / PO,Logistics & Supply Chain,Warehousing & Storage,Pallet & Unit Management,Pallet Pooling Services,Logistics & Supply Chain > Warehousing & Storage > Pallet & Unit Management > Pallet Pooling Services,LOW,0.221,0.0314,HUMAN_REVIEW,MRO & Engineering,Spare Parts & Components,Electrical Parts,Electrical Components & Fuses,MRO & Engineering > Spare Parts & Components > Electrical Parts > Electrical Components & Fuses,CORRECTED,"Triathlon Battery forklift battery packs 8-unit replacement is electrical parts/components, not pallet pooling.",MRO & Engineering,Spare Parts & Components,Electrical Parts,Electrical Components & Fuses,MRO & Engineering > Spare Parts & Components > Electrical Parts > Electrical Components & Fuses
175,"Trescal – instrument calibration, 1,200 instruments, annual",Trescal,Service contract / PO,MRO & Engineering,"Maintenance, Repair & Overhaul",Instrumentation,Calibration & Metrology Services,"MRO & Engineering > Maintenance, Repair & Overhaul > Instrumentation > Calibration & Metrology Services",LOW,0.2383,0.0598,HUMAN_REVIEW,MRO & Engineering,"Maintenance, Repair & Overhaul",Instrumentation,Calibration & Metrology Services,"MRO & Engineering > Maintenance, Repair & Overhaul > Instrumentation > Calibration & Metrology Services",APPROVED,Domain validation: confirmed Calibration & Metrology Services correctly matches spend description.,MRO & Engineering,"Maintenance, Repair & Overhaul",Instrumentation,Calibration & Metrology Services,"MRO & Engineering > Maintenance, Repair & Overhaul > Instrumentation > Calibration & Metrology Services"
176,"3M / Mirka – abrasives and cutting discs, monthly manufacturing consumables",3M / Mirka,Service contract / PO,MRO & Engineering,MRO Consumables,Abrasives & Cutting,"Abrasives, Cutting Discs & Tools","MRO & Engineering > MRO Consumables > Abrasives & Cutting > Abrasives, Cutting Discs & Tools",HIGH,0.5532,0.3134,HYBRID_RERANKING,MRO & Engineering,MRO Consumables,Abrasives & Cutting,"Abrasives, Cutting Discs & Tools","MRO & Engineering > MRO Consumables > Abrasives & Cutting > Abrasives, Cutting Discs & Tools",APPROVED,"Domain validation: confirmed Abrasives, Cutting Discs & Tools correctly matches spend description.",MRO & Engineering,MRO Consumables,Abrasives & Cutting,"Abrasives, Cutting Discs & Tools","MRO & Engineering > MRO Consumables > Abrasives & Cutting > Abrasives, Cutting Discs & Tools"
177,"Brand Energy – scaffolding hire, roof repairs, DC Coventry, 6 weeks",Brand Energy,Works order / Agreement,Utilities & Energy,Energy Management,Energy Procurement,Energy Broker & Procurement Advisory,Utilities & Energy > Energy Management > Energy Procurement > Energy Broker & Procurement Advisory,LOW,0.3591,0.0095,HUMAN_REVIEW,MRO & Engineering,Engineering Services,Equipment Hire,Scaffolding & Access Platforms,MRO & Engineering > Engineering Services > Equipment Hire > Scaffolding & Access Platforms,CORRECTED,"Brand Energy scaffolding hire for DC roof repairs is Scaffolding & Access Platforms hire, not energy broker.",MRO & Engineering,Engineering Services,Equipment Hire,Scaffolding & Access Platforms,MRO & Engineering > Engineering Services > Equipment Hire > Scaffolding & Access Platforms
178,"Electrical contractor – aged switchgear replacement, 4 sites",Electrical contractor,Works order / Agreement,MRO & Engineering,"Maintenance, Repair & Overhaul",Electrical Maintenance,Switchgear & Panel Maintenance,"MRO & Engineering > Maintenance, Repair & Overhaul > Electrical Maintenance > Switchgear & Panel Maintenance",HIGH,0.4314,0.0785,HYBRID_RERANKING,MRO & Engineering,"Maintenance, Repair & Overhaul",Electrical Maintenance,Switchgear & Panel Maintenance,"MRO & Engineering > Maintenance, Repair & Overhaul > Electrical Maintenance > Switchgear & Panel Maintenance",APPROVED,Domain validation: confirmed Switchgear & Panel Maintenance correctly matches spend description.,MRO & Engineering,"Maintenance, Repair & Overhaul",Electrical Maintenance,Switchgear & Panel Maintenance,"MRO & Engineering > Maintenance, Repair & Overhaul > Electrical Maintenance > Switchgear & Panel Maintenance"
179,"AED maintenance – 300 defibrillators, annual inspection + batteries",AED maintenance firm,Works order / Agreement,MRO & Engineering,"Maintenance, Repair & Overhaul",Electrical Maintenance,Electrical Inspection & Testing,"MRO & Engineering > Maintenance, Repair & Overhaul > Electrical Maintenance > Electrical Inspection & Testing",LOW,0.3867,0.0223,HUMAN_REVIEW,MRO & Engineering,"Maintenance, Repair & Overhaul",Electrical Maintenance,Electrical Inspection & Testing,"MRO & Engineering > Maintenance, Repair & Overhaul > Electrical Maintenance > Electrical Inspection & Testing",APPROVED,AED defibrillator 300-unit inspection and battery testing is Electrical Inspection & Testing.,MRO & Engineering,"Maintenance, Repair & Overhaul",Electrical Maintenance,Electrical Inspection & Testing,"MRO & Engineering > Maintenance, Repair & Overhaul > Electrical Maintenance > Electrical Inspection & Testing"
180,IBM Maximo + IoT sensors – asset management SaaS + hardware,IBM / IoT vendor,Works order / Agreement,MRO & Engineering,Engineering Services,Asset Management,Asset Management Software (CMMS/EAM),MRO & Engineering > Engineering Services > Asset Management > Asset Management Software (CMMS/EAM),HIGH,0.4037,0.0613,HYBRID_RERANKING,MRO & Engineering,Engineering Services,Asset Management,Asset Management Software (CMMS/EAM),MRO & Engineering > Engineering Services > Asset Management > Asset Management Software (CMMS/EAM),APPROVED,Domain validation: confirmed Asset Management Software (CMMS/EAM) correctly matches spend description.,MRO & Engineering,Engineering Services,Asset Management,Asset Management Software (CMMS/EAM),MRO & Engineering > Engineering Services > Asset Management > Asset Management Software (CMMS/EAM)
182,"Zebra Technologies – handheld barcode scanners, 80 units, warehouse",Zebra Technologies,Service contract / PO,IT & Technology,End User Compute,Peripherals,Printers & Scanners,IT & Technology > End User Compute > Peripherals > Printers & Scanners,HIGH,0.3567,0.0713,HYBRID_RERANKING,IT & Technology,End User Compute,Peripherals,Printers & Scanners,IT & Technology > End User Compute > Peripherals > Printers & Scanners,APPROVED,Domain validation: confirmed Printers & Scanners correctly matches spend description.,IT & Technology,End User Compute,Peripherals,Printers & Scanners,IT & Technology > End User Compute > Peripherals > Printers & Scanners
183,"HMRC – employer National Insurance contributions, monthly PAYE",HMRC,Works order / Agreement,Non-Addressable,Statutory Payments,Employment Taxes,Employer National Insurance Contributions,Non-Addressable > Statutory Payments > Employment Taxes > Employer National Insurance Contributions,HIGH,0.472,0.1883,HYBRID_RERANKING,Non-Addressable,Statutory Payments,Employment Taxes,Employer National Insurance Contributions,Non-Addressable > Statutory Payments > Employment Taxes > Employer National Insurance Contributions,APPROVED,Domain validation: confirmed Employer National Insurance Contributions correctly matches spend description.,Non-Addressable,Statutory Payments,Employment Taxes,Employer National Insurance Contributions,Non-Addressable > Statutory Payments > Employment Taxes > Employer National Insurance Contributions
184,"HMRC – corporation tax self-assessment, Q3 instalment payment",HMRC,Works order / Agreement,Non-Addressable,Statutory Payments,Corporate Taxes,Corporation Tax Payments,Non-Addressable > Statutory Payments > Corporate Taxes > Corporation Tax Payments,HIGH,0.3798,0.091,HYBRID_RERANKING,Non-Addressable,Statutory Payments,Corporate Taxes,Corporation Tax Payments,Non-Addressable > Statutory Payments > Corporate Taxes > Corporation Tax Payments,APPROVED,Domain validation: confirmed Corporation Tax Payments correctly matches spend description.,Non-Addressable,Statutory Payments,Corporate Taxes,Corporation Tax Payments,Non-Addressable > Statutory Payments > Corporate Taxes > Corporation Tax Payments
185,"Birmingham City Council – business rates, manufacturing facility, quarterly",Birmingham City Council,Works order / Agreement,"Print, Office & Corporate",Corporate Services,Travel & Expenses,Car Hire & Ground Transport,"Print, Office & Corporate > Corporate Services > Travel & Expenses > Car Hire & Ground Transport",LOW,0.2229,0.0004,HUMAN_REVIEW,Non-Addressable,Statutory Payments,Property Taxes,Business Rates Payments,Non-Addressable > Statutory Payments > Property Taxes > Business Rates Payments,CORRECTED,"Birmingham City Council business rates on manufacturing facility is Business Rates Payments, not car hire.",Non-Addressable,Statutory Payments,Property Taxes,Business Rates Payments,Non-Addressable > Statutory Payments > Property Taxes > Business Rates Payments
186,"American Express – corporate travel management programme, annual",American Express,Vendor invoice / PO,"Print, Office & Corporate",Corporate Services,Travel & Expenses,Corporate Hotel Programme,"Print, Office & Corporate > Corporate Services > Travel & Expenses > Corporate Hotel Programme",MEDIUM,0.4323,0.0326,HYBRID_RERANKING,"Print, Office & Corporate",Corporate Services,Travel & Expenses,Business Travel Management,"Print, Office & Corporate > Corporate Services > Travel & Expenses > Business Travel Management",CORRECTED,"American Express corporate travel management programme is Business Travel Management, not hotel programme.","Print, Office & Corporate",Corporate Services,Travel & Expenses,Business Travel Management,"Print, Office & Corporate > Corporate Services > Travel & Expenses > Business Travel Management"
187,"Toner and paper – office consumables, central procurement, quarterly",Various stationery suppliers,Vendor invoice / PO,"Print, Office & Corporate",Office Supplies,Stationery & Consumables,Toner & Printer Consumables,"Print, Office & Corporate > Office Supplies > Stationery & Consumables > Toner & Printer Consumables",LOW,0.5793,0.0208,HUMAN_REVIEW,"Print, Office & Corporate",Office Supplies,Stationery & Consumables,Toner & Printer Consumables,"Print, Office & Corporate > Office Supplies > Stationery & Consumables > Toner & Printer Consumables",APPROVED,Toner and paper office consumables central procurement is Toner & Printer Consumables.,"Print, Office & Corporate",Office Supplies,Stationery & Consumables,Toner & Printer Consumables,"Print, Office & Corporate > Office Supplies > Stationery & Consumables > Toner & Printer Consumables"
188,"Ricoh – managed print services, 200-device fleet, monthly",Ricoh,Vendor invoice / PO,"Print, Office & Corporate",Print & Managed Print,Managed Print Services,Managed Print Services (MPS),"Print, Office & Corporate > Print & Managed Print > Managed Print Services > Managed Print Services (MPS)",HIGH,0.4698,0.0743,HYBRID_RERANKING,"Print, Office & Corporate",Print & Managed Print,Managed Print Services,Managed Print Services (MPS),"Print, Office & Corporate > Print & Managed Print > Managed Print Services > Managed Print Services (MPS)",APPROVED,Domain validation: confirmed Managed Print Services (MPS) correctly matches spend description.,"Print, Office & Corporate",Print & Managed Print,Managed Print Services,Managed Print Services (MPS),"Print, Office & Corporate > Print & Managed Print > Managed Print Services > Managed Print Services (MPS)"
189,"Workplace ergonomic chairs – 200 units, office refurbishment",Furniture supplier,Vendor invoice / PO,"Print, Office & Corporate",Office Supplies,Office Equipment,Office Furniture,"Print, Office & Corporate > Office Supplies > Office Equipment > Office Furniture",HIGH,0.4256,0.1079,HYBRID_RERANKING,"Print, Office & Corporate",Office Supplies,Office Equipment,Office Furniture,"Print, Office & Corporate > Office Supplies > Office Equipment > Office Furniture",APPROVED,Domain validation: confirmed Office Furniture correctly matches spend description.,"Print, Office & Corporate",Office Supplies,Office Equipment,Office Furniture,"Print, Office & Corporate > Office Supplies > Office Equipment > Office Furniture"
190,"CIPD – professional body membership fees, 6 HR team members",CIPD,Vendor invoice / PO,"Print, Office & Corporate",Corporate Services,Memberships & Subscriptions,Professional Body Memberships,"Print, Office & Corporate > Corporate Services > Memberships & Subscriptions > Professional Body Memberships",MEDIUM,0.3351,0.0836,HYBRID_RERANKING,"Print, Office & Corporate",Corporate Services,Memberships & Subscriptions,Professional Body Memberships,"Print, Office & Corporate > Corporate Services > Memberships & Subscriptions > Professional Body Memberships",APPROVED,Domain validation: confirmed Professional Body Memberships correctly matches spend description.,"Print, Office & Corporate",Corporate Services,Memberships & Subscriptions,Professional Body Memberships,"Print, Office & Corporate > Corporate Services > Memberships & Subscriptions > Professional Body Memberships"
191,"Hilton – preferred hotel programme, corporate negotiated rates, annual RFP",Hilton Hotels,Service contract / PO,"Print, Office & Corporate",Corporate Services,Travel & Expenses,Corporate Hotel Programme,"Print, Office & Corporate > Corporate Services > Travel & Expenses > Corporate Hotel Programme",HIGH,0.4512,0.1367,HYBRID_RERANKING,"Print, Office & Corporate",Corporate Services,Travel & Expenses,Corporate Hotel Programme,"Print, Office & Corporate > Corporate Services > Travel & Expenses > Corporate Hotel Programme",APPROVED,Domain validation: confirmed Corporate Hotel Programme correctly matches spend description.,"Print, Office & Corporate",Corporate Services,Travel & Expenses,Corporate Hotel Programme,"Print, Office & Corporate > Corporate Services > Travel & Expenses > Corporate Hotel Programme"
192,"Avis Business – car hire, corporate account, monthly billing",Avis Budget Group,Service contract / PO,"Print, Office & Corporate",Corporate Services,Travel & Expenses,Car Hire & Ground Transport,"Print, Office & Corporate > Corporate Services > Travel & Expenses > Car Hire & Ground Transport",HIGH,0.3764,0.057,HYBRID_RERANKING,"Print, Office & Corporate",Corporate Services,Travel & Expenses,Car Hire & Ground Transport,"Print, Office & Corporate > Corporate Services > Travel & Expenses > Car Hire & Ground Transport",APPROVED,Domain validation: confirmed Car Hire & Ground Transport correctly matches spend description.,"Print, Office & Corporate",Corporate Services,Travel & Expenses,Car Hire & Ground Transport,"Print, Office & Corporate > Corporate Services > Travel & Expenses > Car Hire & Ground Transport"
193,"SAP Concur – expense management SaaS, 2,000-user annual licence",SAP Concur,Service contract / PO,"Print, Office & Corporate",Corporate Services,Travel & Expenses,Expense Management Software,"Print, Office & Corporate > Corporate Services > Travel & Expenses > Expense Management Software",MEDIUM,0.3599,0.0288,HYBRID_RERANKING,"Print, Office & Corporate",Corporate Services,Travel & Expenses,Expense Management Software,"Print, Office & Corporate > Corporate Services > Travel & Expenses > Expense Management Software",APPROVED,Domain validation: confirmed Expense Management Software correctly matches spend description.,"Print, Office & Corporate",Corporate Services,Travel & Expenses,Expense Management Software,"Print, Office & Corporate > Corporate Services > Travel & Expenses > Expense Management Software"
194,"LeasePlan – company car fleet, 150-vehicle operating lease",LeasePlan,Service contract / PO,"Print, Office & Corporate",Corporate Services,Fleet & Vehicles,Company Car Leasing,"Print, Office & Corporate > Corporate Services > Fleet & Vehicles > Company Car Leasing",HIGH,0.4821,0.0766,HYBRID_RERANKING,"Print, Office & Corporate",Corporate Services,Fleet & Vehicles,Company Car Leasing,"Print, Office & Corporate > Corporate Services > Fleet & Vehicles > Company Car Leasing",APPROVED,Domain validation: confirmed Company Car Leasing correctly matches spend description.,"Print, Office & Corporate",Corporate Services,Fleet & Vehicles,Company Car Leasing,"Print, Office & Corporate > Corporate Services > Fleet & Vehicles > Company Car Leasing"
195,"Exterion Media – large format retail signage, 80 stores, production + install",Exterion Media,Service contract / PO,"Print, Office & Corporate",Print & Managed Print,Print Production,Large Format & Signage,"Print, Office & Corporate > Print & Managed Print > Print Production > Large Format & Signage",HIGH,0.4514,0.0858,HYBRID_RERANKING,"Print, Office & Corporate",Print & Managed Print,Print Production,Large Format & Signage,"Print, Office & Corporate > Print & Managed Print > Print Production > Large Format & Signage",APPROVED,Domain validation: confirmed Large Format & Signage correctly matches spend description.,"Print, Office & Corporate",Print & Managed Print,Print Production,Large Format & Signage,"Print, Office & Corporate > Print & Managed Print > Print Production > Large Format & Signage"
196,"Corporate hospitality – Premier League boxes, client entertainment, annual",Various (Premier League),Works order / Agreement,"Print, Office & Corporate",Corporate Services,Catering & Hospitality,Corporate Hospitality,"Print, Office & Corporate > Corporate Services > Catering & Hospitality > Corporate Hospitality",HIGH,0.4662,0.1139,HYBRID_RERANKING,"Print, Office & Corporate",Corporate Services,Catering & Hospitality,Corporate Hospitality,"Print, Office & Corporate > Corporate Services > Catering & Hospitality > Corporate Hospitality",APPROVED,Domain validation: confirmed Corporate Hospitality correctly matches spend description.,"Print, Office & Corporate",Corporate Services,Catering & Hospitality,Corporate Hospitality,"Print, Office & Corporate > Corporate Services > Catering & Hospitality > Corporate Hospitality"
197,Concur + AmEx integrated T&E – SaaS + card programme + policy management,Concur + AmEx,Programme agreement,Finance & Insurance,Compliance & Regulatory,Compliance Technology,AML & KYC Systems,Finance & Insurance > Compliance & Regulatory > Compliance Technology > AML & KYC Systems,LOW,0.3024,0.0142,HUMAN_REVIEW,"Print, Office & Corporate",Corporate Services,Travel & Expenses,Expense Management Software,"Print, Office & Corporate > Corporate Services > Travel & Expenses > Expense Management Software",CORRECTED,"SAP Concur + AmEx corporate card and T&E expense platform is Expense Management Software, not AML & KYC.","Print, Office & Corporate",Corporate Services,Travel & Expenses,Expense Management Software,"Print, Office & Corporate > Corporate Services > Travel & Expenses > Expense Management Software"
